Episode,Phase,EpisodeTotalPnl,EpisodeAvgPnlPerStep,EpisodeLen
0,FORCED_ENTRY,-2.1718641987758596,-0.2022274767810105,30
1,FORCED_ENTRY,5.795955921216115,-0.00924192231244588,30
2,FORCED_ENTRY,-0.46174348461388665,0.040261436222005925,30
3,FORCED_ENTRY,2.5351774291803464,0.2758422759917392,30
4,FORCED_ENTRY,2.326928195284135,0.05885180138003172,30
5,FORCED_ENTRY,-0.4168779003511566,0.12428595918442902,30
6,FORCED_ENTRY,-1.9028319777898641,0.01016932437434172,30
7,FORCED_ENTRY,-2.2856406199297825,-0.7006306836061775,30
8,FORCED_ENTRY,-4.791829429348969,0.06307119867660002,30
9,FORCED_ENTRY,1.2123521322910331,-0.04734780025403387,30
10,FORCED_ENTRY,-11.205135257687134,-0.2429592829418355,30
11,FORCED_ENTRY,-5.513253972470259,-0.17289149226861938,30
12,FORCED_ENTRY,4.0708085672111665,0.16574933224570407,30
13,FORCED_ENTRY,-4.331383213325584,-0.22444505428882516,30
14,FORCED_ENTRY,-3.4259286131747215,-0.0794673263601236,30
15,FORCED_ENTRY,-0.9644444104194483,0.038457439654846874,30
16,FORCED_ENTRY,6.356071318369256,0.38997888905262124,30
17,FORCED_ENTRY,0.5295205981777974,0.17838654166536974,30
18,FORCED_ENTRY,-5.96247584334502,-0.5292495121484108,30
19,FORCED_ENTRY,-4.890238151402384,-0.2569534829690021,30
20,FORCED_ENTRY,-2.0157004767856064,-0.06687513773402312,30
21,FORCED_ENTRY,-2.8768647435428023,-0.011515193348615416,30
22,FORCED_ENTRY,-1.2802506658146098,-0.08737126441933404,30
23,FORCED_ENTRY,-2.235820860717851,0.20792593212335053,30
24,FORCED_ENTRY,-7.423931071672143,-0.24659002651271322,30
25,FORCED_ENTRY,-12.150873899127356,-0.9044352596761395,30
26,FORCED_ENTRY,3.0605054507743166,-0.10633755421330068,30
27,FORCED_ENTRY,-2.1235507314100657,0.17309110226013721,30
28,FORCED_ENTRY,3.3107797628523064,0.18509855243645737,30
29,FORCED_ENTRY,-1.8113652389470776,0.001944557359476636,30
30,FORCED_ENTRY,1.6961611789251687,0.29338399638467877,30
31,FORCED_ENTRY,-1.188167051794483,-0.0532561497285768,30
32,FORCED_ENTRY,3.194405499949873,0.337740775254658,30
33,FORCED_ENTRY,2.5430023463613147,0.010664864067685983,30
34,FORCED_ENTRY,-2.2255567281840745,0.049611418326123265,30
35,FORCED_ENTRY,1.3510421212192392,0.16198338228529102,30
36,FORCED_ENTRY,7.791787104886528,0.19879138343655792,30
37,FORCED_ENTRY,0.22309269482985858,-0.12937160884866852,30
38,FORCED_ENTRY,-0.31446111094734264,0.21271515648116385,30
39,FORCED_ENTRY,-1.2320026927804075,0.16754681904049493,30
40,FORCED_ENTRY,2.3935402459266917,-0.1482395158611059,30
41,FORCED_ENTRY,0.014825507021012305,-0.018554899250271494,30
42,FORCED_ENTRY,5.346215928721236,0.16356597460611452,30
43,FORCED_ENTRY,7.378730842520111,-0.27553102875672564,30
44,FORCED_ENTRY,-2.9309589654747423,-0.008396049720356213,30
45,FORCED_ENTRY,-2.2534441312546836,-0.3224850399822486,30
46,FORCED_ENTRY,3.8354615618426133,-0.482482012794854,30
47,FORCED_ENTRY,-4.16313566363147,-0.10872739718959386,30
48,FORCED_ENTRY,5.301489010770216,0.40293617904027407,30
49,FORCED_ENTRY,-2.832114518761093,-0.501629191300346,30
50,FORCED_ENTRY,0.23362591745866654,0.11779509804866532,30
51,FORCED_ENTRY,-1.1371738154905353,-0.1811742591013206,30
52,FORCED_ENTRY,-6.23484960252604,-0.25364515569768303,30
53,FORCED_ENTRY,-1.3493064895183131,-0.06968475639789024,30
54,FORCED_ENTRY,1.43079744703275,0.07018961083282706,30
55,FORCED_ENTRY,-3.7259408047086873,0.09374671611792205,30
56,FORCED_ENTRY,-0.7886879421711084,0.08684440667217186,30
57,FORCED_ENTRY,-2.772514381543478,0.1589238635464816,30
58,FORCED_ENTRY,2.8189220138408304,0.20758746971766812,30
59,FORCED_ENTRY,-4.670217686107217,0.10470766584852816,30
60,FORCED_ENTRY,-5.545448707186382,-0.0006175950472514735,30
61,FORCED_ENTRY,-2.719970912447236,-0.20501688969783302,30
62,FORCED_ENTRY,2.6051026361883465,0.1950083927675545,30
63,FORCED_ENTRY,-11.31064384482839,-1.0086531056807404,30
64,FORCED_ENTRY,-6.640290793825212,0.07106282332649787,30
65,FORCED_ENTRY,-1.4475475978347376,0.16333855262868063,30
66,FORCED_ENTRY,-2.9313610321657495,-0.7652027064572111,30
67,FORCED_ENTRY,3.187789601121339,0.2479686250632692,30
68,FORCED_ENTRY,-2.289353313910407,-0.14430473695348175,30
69,FORCED_ENTRY,1.5116206488706192,0.3903732632896078,30
70,FORCED_ENTRY,-2.8993915909118533,-0.09722342326354885,30
71,FORCED_ENTRY,5.740273807722368,-0.0737097093166264,30
72,FORCED_ENTRY,-2.8187877681126423,-0.6696395114584003,30
73,FORCED_ENTRY,-0.8043158996711156,0.21217119830247377,30
74,FORCED_ENTRY,3.0380977687876487,0.12670675917302046,30
75,FORCED_ENTRY,-2.6269225829870924,-0.4755450706008458,30
76,FORCED_ENTRY,0.2871416492878967,-0.037702374789049566,30
77,FORCED_ENTRY,5.066667944725475,0.11052877573529987,30
78,FORCED_ENTRY,0.5954086638034334,0.046842478723888595,30
79,FORCED_ENTRY,-2.5510790305040647,-0.23629462168437695,30
80,FORCED_ENTRY,2.970347771909518,0.06308409835807618,30
81,FORCED_ENTRY,0.32234883618072946,0.2222403774532996,30
82,FORCED_ENTRY,-3.270090638200011,0.04266302335819585,30
83,FORCED_ENTRY,10.648725083645974,0.47815365331992565,30
84,FORCED_ENTRY,2.5919230090428864,-0.2976760066658583,30
85,FORCED_ENTRY,-0.7529048377757286,-0.42069707255939276,30
86,FORCED_ENTRY,-3.433131927039371,0.05398018877285977,30
87,FORCED_ENTRY,-4.075132478211008,-0.41960885250066,30
88,FORCED_ENTRY,4.629902767916604,0.2674532857783918,30
89,FORCED_ENTRY,-1.028823596809873,-0.3095633624142664,30
90,FORCED_ENTRY,-2.7887520184658654,-0.3682875862606796,30
91,FORCED_ENTRY,-3.9826974788690896,0.12383301719514893,30
92,FORCED_ENTRY,2.2238960707406834,0.09283103456171474,30
93,FORCED_ENTRY,0.9786873406801359,-0.08703377276516505,30
94,FORCED_ENTRY,0.11301822159630011,0.09327653585879121,30
95,FORCED_ENTRY,2.1431146306431597,0.19364788099672606,30
96,FORCED_ENTRY,-1.3616693158583948,0.17732117110453105,30
97,FORCED_ENTRY,-1.4314789752147887,-0.14615135682711475,30
98,FORCED_ENTRY,-1.9249409401550284,0.03117594831737366,30
99,FORCED_ENTRY,-3.122852193484541,-1.159933445020523,30
100,FORCED_ENTRY,-5.608831035091343,-0.16431662131441593,30
101,FORCED_ENTRY,-0.5588209406976546,0.2852198903092401,30
102,FORCED_ENTRY,-0.6040479975978392,0.034323902517067545,30
103,FORCED_ENTRY,-4.070994259837044,-0.008935084347309037,30
104,FORCED_ENTRY,2.1574381483467944,0.20194722167517346,30
105,FORCED_ENTRY,1.891489149833914,0.11941616976940676,30
106,FORCED_ENTRY,-13.023865861833599,-0.6659449751847747,30
107,FORCED_ENTRY,-2.6417316601622076,-0.09563796335035858,30
108,FORCED_ENTRY,-2.746096628154751,-0.08131172658595778,30
109,FORCED_ENTRY,0.06455852600029584,-0.08883825877999874,30
110,FORCED_ENTRY,0.30311508261797027,0.11714009576710321,30
111,FORCED_ENTRY,8.835580300245939,0.3802490717800351,30
112,FORCED_ENTRY,-2.1924650255957485,0.030254952693980184,30
113,FORCED_ENTRY,-2.4212646956805304,-0.12618137769365426,30
114,FORCED_ENTRY,0.45105906214673713,-0.3318078607971844,30
115,FORCED_ENTRY,-2.577559096145599,-0.26490858797258,30
116,FORCED_ENTRY,2.2322012435803975,-0.18559752250706224,30
117,FORCED_ENTRY,-3.050505623699715,-0.1100304899025244,30
118,FORCED_ENTRY,-3.2857796916047763,-0.06901543610592745,30
119,FORCED_ENTRY,-0.4914591864378944,-0.20180190874698634,30
120,FORCED_ENTRY,-6.111180585494864,-0.2001707630600552,30
121,FORCED_ENTRY,3.0977354765692513,-0.5086458869716453,30
122,FORCED_ENTRY,3.919186036779494,0.1401545876490293,30
123,FORCED_ENTRY,6.5226053783579525,-0.048146586179100836,30
124,FORCED_ENTRY,2.912766396966701,0.20368188119633293,30
125,FORCED_ENTRY,-5.392430201785547,-0.20584578576296828,30
126,FORCED_ENTRY,0.23994440858879493,-0.0964355961223053,30
127,FORCED_ENTRY,5.169182762012645,0.32187036847607786,30
128,FORCED_ENTRY,-4.173894088849002,-0.3994041707731152,30
129,FORCED_ENTRY,-0.1942948054638427,0.09247541624140045,30
130,FORCED_ENTRY,-0.5321011311790912,0.16682893991002007,30
131,FORCED_ENTRY,0.009061945922045922,0.07498926290555027,30
132,FORCED_ENTRY,-4.164661540043168,-0.15757789940085168,30
133,FORCED_ENTRY,7.661854225222216,0.23606123037214924,30
134,FORCED_ENTRY,-5.006820112463916,-0.4087027396949878,30
135,FORCED_ENTRY,-2.7711517307576035,0.049046024207671554,30
136,FORCED_ENTRY,4.050387731052971,0.07613618947765784,30
137,FORCED_ENTRY,-3.3593607369480742,-0.029299990815214772,30
138,FORCED_ENTRY,-1.896953936750161,-0.09626873322016462,30
139,FORCED_ENTRY,3.4870352744496076,-0.0012376314925027702,30
140,FORCED_ENTRY,-1.1562290603430294,-0.05806273112365579,30
141,FORCED_ENTRY,3.8626124763412375,-0.07534990323465693,30
142,FORCED_ENTRY,-7.463359375370851,-0.4005914274946567,30
143,FORCED_ENTRY,-0.7828872580498896,-0.30838957508814957,30
144,FORCED_ENTRY,-1.3980704228931564,0.2038075845723747,30
145,FORCED_ENTRY,0.701216744577062,-0.09071944638483458,30
146,FORCED_ENTRY,4.515295524117898,0.08860867733503414,30
147,FORCED_ENTRY,-2.8889346183856253,0.06709362975496905,30
148,FORCED_ENTRY,-0.9598596937512506,0.07740587235047239,30
149,FORCED_ENTRY,-6.033547483456682,0.08717998491184907,30
150,FORCED_ENTRY,-0.7855387916829439,-0.3749952476810475,30
151,FORCED_ENTRY,3.4377481145581346,-0.2002305614333654,30
152,FORCED_ENTRY,-0.021823397752447113,0.17649188183357128,30
153,FORCED_ENTRY,0.8518538606532294,0.15445779531485979,30
154,FORCED_ENTRY,-0.42556618302903276,-0.023280683924379954,30
155,FORCED_ENTRY,5.145647307070906,0.11475980242415726,30
156,FORCED_ENTRY,-0.32864002424522576,0.08591197777081046,30
157,FORCED_ENTRY,-4.883764739033634,-0.5985959904723486,30
158,FORCED_ENTRY,4.780201686031697,-0.35080725139811836,30
159,FORCED_ENTRY,0.26571000803293776,-0.008986155723742477,30
160,FORCED_ENTRY,-0.7780753435377676,0.12289906415850992,30
161,FORCED_ENTRY,-3.0541031807137826,-0.3091272859641422,30
162,FORCED_ENTRY,0.10666638567985615,-0.1739783788746891,30
163,FORCED_ENTRY,-2.53300358235891,-0.1580298442020345,30
164,FORCED_ENTRY,-1.6069938765955691,-0.24329033214136836,30
165,FORCED_ENTRY,-13.009024204406254,-0.36872771606553056,30
166,FORCED_ENTRY,-5.9145171736582505,0.04688766346907656,30
167,FORCED_ENTRY,-0.4273162529833226,-0.22748344887321545,30
168,FORCED_ENTRY,-9.530071833818775,-0.4491618581287965,30
169,FORCED_ENTRY,-3.778951869304256,-0.038005191768856715,30
170,FORCED_ENTRY,1.206295202348519,-0.08856384394035009,30
171,FORCED_ENTRY,6.79870985077543,0.15006919896561588,30
172,FORCED_ENTRY,1.3884117054921303,-0.10182637906973559,30
173,FORCED_ENTRY,2.4586085339382633,0.07013649957549205,30
174,FORCED_ENTRY,3.3066050449946203,-0.007850408181923061,30
175,FORCED_ENTRY,-0.9168667710618413,0.13540944172807165,30
176,FORCED_ENTRY,-1.126089563018341,-0.01517968013181658,30
177,FORCED_ENTRY,-1.3712121327372784,0.06438936350621853,30
178,FORCED_ENTRY,-5.703108814400775,-0.5323301156875068,30
179,FORCED_ENTRY,-4.812814149702271,-0.3610303113140263,30
180,FORCED_ENTRY,6.1002847542005165,-0.07917930041956307,30
181,FORCED_ENTRY,-0.19637991665593488,0.17477145648657205,30
182,FORCED_ENTRY,-3.4003133588474785,0.22858927387350259,30
183,FORCED_ENTRY,5.90467860526061,0.08132901997312804,30
184,FORCED_ENTRY,3.8118441557896388,-0.028958527081051243,30
185,FORCED_ENTRY,-7.5722473551393135,-0.09068731532803245,30
186,FORCED_ENTRY,4.410980784511469,0.27389135702903206,30
187,FORCED_ENTRY,-6.234139711269707,-0.243327204432617,30
188,FORCED_ENTRY,2.2555875898773565,-0.05385894805076742,30
189,FORCED_ENTRY,6.937763161754514,-0.3043024411602507,30
190,FORCED_ENTRY,4.510333434327518,0.1402981055338417,30
191,FORCED_ENTRY,0.2830566345818917,0.18539745236827293,30
192,FORCED_ENTRY,-1.1607667634629337,0.06950169319469429,30
193,FORCED_ENTRY,0.17317034921254335,0.07901772742216868,30
194,FORCED_ENTRY,8.008124239928584,0.292356726555166,30
195,FORCED_ENTRY,1.886463508873521,0.13673676967157658,30
196,FORCED_ENTRY,-3.9385207168311727,-0.13490019782677048,30
197,FORCED_ENTRY,-3.5345516807543924,0.013869223949519534,30
198,FORCED_ENTRY,-8.716943939381222,-0.9427373843348971,30
199,FORCED_ENTRY,-4.327250370209701,-0.3720142839452858,30
200,FORCED_ENTRY,3.251167794854544,0.18941356363163625,30
201,FORCED_ENTRY,-10.023353945664851,-0.15608313098081242,30
202,FORCED_ENTRY,-8.369065611676058,-0.6209845116205858,30
203,FORCED_ENTRY,0.5937711861994205,0.12172527404036568,30
204,FORCED_ENTRY,4.822301119248878,0.21951567434038138,30
205,FORCED_ENTRY,-3.664180878518111,-0.006340431213845991,30
206,FORCED_ENTRY,-6.91721914168966,-0.2108804089449839,30
207,FORCED_ENTRY,5.4441643390367265,0.17412751454840114,30
208,FORCED_ENTRY,-1.2755462725221312,-0.04238937462456254,30
209,FORCED_ENTRY,1.1246852708369541,0.06153338525338563,30
210,FORCED_ENTRY,-7.9827840925535964,0.0627885548605702,30
211,FORCED_ENTRY,2.406613030150228,0.07705865165912783,30
212,FORCED_ENTRY,-2.343607410895038,-0.019849082601248767,30
213,FORCED_ENTRY,-0.9524580909867378,0.20557370656410934,30
214,FORCED_ENTRY,5.857080401983763,0.22870672796003425,30
215,FORCED_ENTRY,-6.871806950232888,-0.3049616769974329,30
216,FORCED_ENTRY,-1.2050087511230587,0.049186884489011776,30
217,FORCED_ENTRY,2.714655577113627,-0.03040566206456742,30
218,FORCED_ENTRY,-1.2357615992482303,-0.18445920875324465,30
219,FORCED_ENTRY,-1.5349622264982827,0.020513104134377257,30
220,FORCED_ENTRY,-11.158103940866557,-0.5099889258796154,30
221,FORCED_ENTRY,1.5717158251747532,0.1441035430853986,30
222,FORCED_ENTRY,-4.228983806381605,-0.05921026728877855,30
223,FORCED_ENTRY,0.7474673172555965,-0.11549654594348803,30
224,FORCED_ENTRY,0.7256937931198977,-0.18011790027091437,30
225,FORCED_ENTRY,-10.860937753859952,-0.6643675664733545,30
226,FORCED_ENTRY,-3.798231012853899,-0.14382424459988327,30
227,FORCED_ENTRY,-3.620824983442794,-0.018432581131342014,30
228,FORCED_ENTRY,-2.557034856193737,-0.27592237795543767,30
229,FORCED_ENTRY,-5.2659293074798414,0.062374807860078395,30
230,FORCED_ENTRY,3.0144453729457217,0.11760870751865028,30
231,FORCED_ENTRY,-2.840594953684543,-0.06369563047431033,30
232,FORCED_ENTRY,-5.855865190388757,-0.20138310486047686,30
233,FORCED_ENTRY,-2.8887075397128275,0.05054367514138035,30
234,FORCED_ENTRY,3.1193022758723146,0.1259600410623152,30
235,FORCED_ENTRY,6.998324360750108,0.2833680737327511,30
236,FORCED_ENTRY,-4.525470781633858,-0.4240599153174244,30
237,FORCED_ENTRY,2.721700650922364,-0.3941420736650731,30
238,FORCED_ENTRY,-3.1643756757061245,0.0005200626748866899,30
239,FORCED_ENTRY,2.4801443631215463,-0.08112150368518198,30
240,FORCED_ENTRY,5.479155619718361,0.040356446210247414,30
241,FORCED_ENTRY,-0.6150519497711018,0.13652891640272619,30
242,FORCED_ENTRY,0.3843162237332695,0.07295477629430011,30
243,FORCED_ENTRY,-5.441808180982434,-0.09336977666386606,30
244,FORCED_ENTRY,-2.815678532349512,0.03850918840576922,30
245,FORCED_ENTRY,-4.363364877772562,0.07415417971525579,30
246,FORCED_ENTRY,-0.9312921158178603,-0.2981254245182027,30
247,FORCED_ENTRY,-6.6109018112198745,-0.5016999066308283,30
248,FORCED_ENTRY,3.0285294701739023,0.14825222741969105,30
249,FORCED_ENTRY,0.8584958049659558,-0.0585385411822178,30
250,FORCED_ENTRY,-4.7146404867843845,-0.24994210716364684,30
251,FORCED_ENTRY,-0.4948693342000907,-0.24040660195259933,30
252,FORCED_ENTRY,5.2325951011710465,0.3432464510037292,30
253,FORCED_ENTRY,-3.6802752121808378,-0.03629811636905445,30
254,FORCED_ENTRY,6.649256362041444,-0.2854690265668657,30
255,FORCED_ENTRY,2.28621827211165,0.0027047717192232312,30
256,FORCED_ENTRY,0.6940400425363739,-0.06376397041892266,30
257,FORCED_ENTRY,-2.80830055167161,0.007362573816092481,30
258,FORCED_ENTRY,-2.6150119455519483,-0.27595370794311463,30
259,FORCED_ENTRY,-1.8790745371435822,-0.23274150103821556,30
260,FORCED_ENTRY,3.8859002618493648,-0.08508445582525068,30
261,FORCED_ENTRY,-1.863554041432651,0.044842192382236606,30
262,FORCED_ENTRY,3.8755959595974154,0.34807450829135456,30
263,FORCED_ENTRY,0.3630347021281602,0.2937328595884597,30
264,FORCED_ENTRY,-9.81251294577833,-0.10436608019779677,30
265,FORCED_ENTRY,-2.239480314495731,-0.4899175085756998,30
266,FORCED_ENTRY,2.0105740169892914,0.034575058058081656,30
267,FORCED_ENTRY,2.7419257401319177,0.21486729372749835,30
268,FORCED_ENTRY,-7.86285779928071,-0.1497294506335142,30
269,FORCED_ENTRY,-4.263129213986468,-0.12304007888954012,30
270,FORCED_ENTRY,2.4303135167145173,0.28859401546732133,30
271,FORCED_ENTRY,1.1632560199090605,-0.05796204753639291,30
272,FORCED_ENTRY,0.16215900679896253,-0.10715923186615291,30
273,FORCED_ENTRY,0.1014764869398979,0.003688263430610909,30
274,FORCED_ENTRY,-4.440771987805727,-0.2106233723538579,30
275,FORCED_ENTRY,-4.059596026148219,-0.00786921354668563,30
276,FORCED_ENTRY,4.388061903295101,-0.0011867078612145903,30
277,FORCED_ENTRY,-6.359773008043639,-0.0795551145421198,30
278,FORCED_ENTRY,-6.413557078511168,0.0267990013686101,30
279,FORCED_ENTRY,8.049144742682966,-0.12875423939149605,30
280,FORCED_ENTRY,-2.086947098282467,0.19810802307279102,30
281,FORCED_ENTRY,1.7219431483719685,0.08459702041038698,30
282,FORCED_ENTRY,-3.9473148267239133,-0.11348688298094801,30
283,FORCED_ENTRY,-1.013808307411421,0.1891156594038426,30
284,FORCED_ENTRY,-2.745378372861135,-0.03135523562461955,30
285,FORCED_ENTRY,-0.9083630139404962,0.011511994522007244,30
286,FORCED_ENTRY,2.8968423152623255,0.18423242349199395,30
287,FORCED_ENTRY,-10.688465303122149,-0.4367051548737697,30
288,FORCED_ENTRY,5.118888209545403,0.05361519268122989,30
289,FORCED_ENTRY,5.6445761015216,-0.4875719349762065,30
290,FORCED_ENTRY,-2.30625200087296,-0.09571453793090019,30
291,FORCED_ENTRY,1.5111359206145145,0.08212022789072444,30
292,FORCED_ENTRY,-7.0527763452955305,-0.1328625573985116,30
293,FORCED_ENTRY,0.6306181955207106,0.21062171228905763,30
294,FORCED_ENTRY,-7.509427880054229,-0.3411075664218274,30
295,FORCED_ENTRY,-6.319317456139752,-0.024023242053754976,30
296,FORCED_ENTRY,2.413575499161171,0.23612626229976724,30
297,FORCED_ENTRY,-2.103059743999242,-0.09193270512244799,30
298,FORCED_ENTRY,-3.5393265306311528,-0.06039290385913259,30
299,FORCED_ENTRY,0.7899089634402833,0.036108973413927825,30
300,FORCED_ENTRY,-3.923534895557313,-0.09048919623491213,30
301,FORCED_ENTRY,-6.87665050642492,-0.4884975878023848,30
302,FORCED_ENTRY,-3.350374217163226,-0.09820141821378939,30
303,FORCED_ENTRY,-4.4544807688497485,0.042734188758463826,30
304,FORCED_ENTRY,3.551705482174072,-0.09838677239356976,30
305,FORCED_ENTRY,0.989654575197336,-0.03435329274390999,30
306,FORCED_ENTRY,-1.7838383363357095,-0.04364941174066693,30
307,FORCED_ENTRY,-1.4098629519317316,-0.3569490033419259,30
308,FORCED_ENTRY,2.737901360630017,0.16796602179127576,30
309,FORCED_ENTRY,-8.463588983690554,-0.38389981938638695,30
310,FORCED_ENTRY,1.793355704023058,0.07821912260515215,30
311,FORCED_ENTRY,-2.1228372896593264,-0.00706619603513244,30
312,FORCED_ENTRY,-1.516496951563394,-0.10383034632252115,30
313,FORCED_ENTRY,5.5579483367899,-1.6148695197029928,30
314,FORCED_ENTRY,-3.461128899245108,-0.30896152520441916,30
315,FORCED_ENTRY,-0.2848649472956946,-0.055226985326291375,30
316,FORCED_ENTRY,4.421752328543829,0.010716862853777827,30
317,FORCED_ENTRY,0.8792033883977942,-0.0028862341362611305,30
318,FORCED_ENTRY,-1.2495881213225142,0.16993047122150484,30
319,FORCED_ENTRY,1.2313854790336383,0.055593433785143,30
320,FORCED_ENTRY,0.8650195646785988,0.05956438152103026,30
321,FORCED_ENTRY,-2.400673225418831,-0.10605494642049512,30
322,FORCED_ENTRY,-4.074592704047715,-0.33734147829319705,30
323,FORCED_ENTRY,3.8593036326730092,0.18167171786009584,30
324,FORCED_ENTRY,-2.424881033140657,0.01827778416804245,30
325,FORCED_ENTRY,-5.368165540851311,-0.18523141205636887,30
326,FORCED_ENTRY,2.163815599220779,-0.02647480328101941,30
327,FORCED_ENTRY,1.5242291762645042,0.1363405163078988,30
328,FORCED_ENTRY,2.498254916958333,0.16559996746302327,30
329,FORCED_ENTRY,-2.8967502938846987,-0.08933133349936369,30
330,FORCED_ENTRY,-1.3325792981031428,-0.03806752387852667,30
331,FORCED_ENTRY,2.5992871591008746,-0.09175106886559835,30
332,FORCED_ENTRY,7.572615505202893,0.28882114695060623,30
333,FORCED_ENTRY,-1.989204340566932,0.038994661278644,30
334,FORCED_ENTRY,-3.3563946817027173,-0.27851294341040805,30
335,FORCED_ENTRY,8.318987937033048,-0.11325002602653243,30
336,FORCED_ENTRY,1.6208366360267918,-0.004707492363313322,30
337,FORCED_ENTRY,-5.805112714358686,-0.16826673094281577,30
338,FORCED_ENTRY,0.6961964092937983,-0.31612869211830663,30
339,FORCED_ENTRY,2.6054131550055284,0.06178351992583184,30
340,FORCED_ENTRY,-5.181509341927802,-1.0721876636313754,30
341,FORCED_ENTRY,-1.8494501386793403,-0.7148265804083326,30
342,FORCED_ENTRY,3.545888074942033,0.2820250086678238,30
343,FORCED_ENTRY,9.208305740259002,0.2463682661294801,30
344,FORCED_ENTRY,-7.064081022348913,-1.1224394234009953,30
345,FORCED_ENTRY,-1.3104411557078743,-0.33727794931689226,30
346,FORCED_ENTRY,0.7522462199826014,0.3244021779865829,30
347,FORCED_ENTRY,1.217186311164919,0.23578143013559355,30
348,FORCED_ENTRY,4.4181725400875145,0.18832852133471628,30
349,FORCED_ENTRY,-4.833292127466568,-0.07934532054029893,30
350,FORCED_ENTRY,-0.6837715550601693,0.04363497777126324,30
351,FORCED_ENTRY,-3.072068860800271,-0.13948243913332775,30
352,FORCED_ENTRY,0.13184003815178968,-0.045584889229060205,30
353,FORCED_ENTRY,7.304986559525997,0.08997185493537461,30
354,FORCED_ENTRY,-3.2154339259035267,0.020314402387784015,30
355,FORCED_ENTRY,-5.846613669399736,-0.018225003264862285,30
356,FORCED_ENTRY,-2.380629298500502,-0.09172514834088903,30
357,FORCED_ENTRY,-10.834869747089733,-0.11070074317917236,30
358,FORCED_ENTRY,0.3400474253610226,0.19759643716164751,30
359,FORCED_ENTRY,-0.5546428116039541,0.006888206851880041,30
360,FORCED_ENTRY,3.0975937162745733,0.2692245899459977,30
361,FORCED_ENTRY,-3.482902345997911,-0.005898531863325562,30
362,FORCED_ENTRY,0.2110132441377806,0.016724253483048564,30
363,FORCED_ENTRY,2.6691615516797853,0.05817601226565379,30
364,FORCED_ENTRY,-2.9879112880045575,0.0162617274084586,30
365,FORCED_ENTRY,3.795035163419209,-0.06419811668609388,30
366,FORCED_ENTRY,4.414698964930076,0.15373217165248834,30
367,FORCED_ENTRY,-5.292884016762675,-0.1327224327335429,30
368,FORCED_ENTRY,-2.514959771862157,0.09872770901141478,30
369,FORCED_ENTRY,-6.330853369909222,-1.0182359484371741,30
370,FORCED_ENTRY,2.7078681955558275,0.05169535583704855,30
371,FORCED_ENTRY,3.6306625649220305,-0.21001512586715218,30
372,FORCED_ENTRY,-1.6949907431792894,-0.7147369854876419,30
373,FORCED_ENTRY,-1.4281386408730194,0.005866157659973914,30
374,FORCED_ENTRY,1.6500724631289414,0.2780481579179852,30
375,FORCED_ENTRY,3.2725692971397935,0.37213161042159176,30
376,FORCED_ENTRY,-1.6161113909408464,-0.569067694396154,30
377,FORCED_ENTRY,-6.019798267374008,0.08488815172173077,30
378,FORCED_ENTRY,-1.2890803424486816,0.10925504399713114,30
379,FORCED_ENTRY,0.28823084514463815,-0.09483619806426528,30
380,FORCED_ENTRY,-0.6895189070995477,-0.0465072179027272,30
381,FORCED_ENTRY,-0.15567465051495138,-0.1456137361009201,30
382,FORCED_ENTRY,5.132380802271595,0.34982604952127827,30
383,FORCED_ENTRY,3.105459735350444,-0.25547996787031074,30
384,FORCED_ENTRY,1.1717982833813614,-0.07011248540175094,30
385,FORCED_ENTRY,7.250939303273053,-0.6200885186449485,30
386,FORCED_ENTRY,-0.4491132451537968,0.12319090288559582,30
387,FORCED_ENTRY,-6.877572940051595,-0.18119393284143234,30
388,FORCED_ENTRY,-11.502571052889317,-0.8955077688545863,30
389,FORCED_ENTRY,0.400445871178023,0.1995239405530211,30
390,FORCED_ENTRY,-15.689311911973862,-0.5184797212651312,30
391,FORCED_ENTRY,4.438014256386584,-0.225107261526647,30
392,FORCED_ENTRY,-0.6592639039613907,-0.26665668928800584,30
393,FORCED_ENTRY,-0.6024404006043388,-0.18569129101352733,30
394,FORCED_ENTRY,-5.045071206841514,0.01728560910086901,30
395,FORCED_ENTRY,0.8847141912172711,0.12867323076016363,30
396,FORCED_ENTRY,4.838780315577282,-0.329477261874964,30
397,FORCED_ENTRY,4.59324276349012,0.12068495843209424,30
398,FORCED_ENTRY,4.238625381210673,-0.038793770188854944,30
399,FORCED_ENTRY,0.07166775188348216,-0.03238483881863818,30
400,FORCED_ENTRY,0.9142414205290889,0.02245413608813122,30
401,FORCED_ENTRY,-7.93900366010983,0.052505324885609286,30
402,FORCED_ENTRY,-1.7567372280551596,0.24988648157744156,30
403,FORCED_ENTRY,6.400733799584821,0.05552489298079909,30
404,FORCED_ENTRY,-0.38758064974447787,-0.047414078523276906,30
405,FORCED_ENTRY,2.1071450552186883,0.005832760410257384,30
406,FORCED_ENTRY,-1.4241963137217453,-0.5246583117887631,30
407,FORCED_ENTRY,5.262718615367647,-0.28210173263541455,30
408,FORCED_ENTRY,-2.1163202728835326,-0.14142230996523383,30
409,FORCED_ENTRY,1.2440792674929018,0.33800087513050714,30
410,FORCED_ENTRY,-0.5184362056219213,-0.5998184415235042,30
411,FORCED_ENTRY,-11.444033664983998,-0.1842225628470598,30
412,FORCED_ENTRY,-2.80855855365182,-0.08797849237315121,30
413,FORCED_ENTRY,-5.593573028184073,-0.7294398056489061,30
414,FORCED_ENTRY,1.0412340442491483,-0.06997677442888171,30
415,FORCED_ENTRY,-2.3081220284620088,0.1319269983145853,30
416,FORCED_ENTRY,-4.602309843595825,-0.15011162308594012,30
417,FORCED_ENTRY,0.6889557921147711,-0.003212199529027604,30
418,FORCED_ENTRY,-4.2784931053003845,0.0858586634227818,30
419,FORCED_ENTRY,-2.71350445650931,-0.3997591862639231,30
420,FORCED_ENTRY,1.975362565213944,-0.6133697102533576,30
421,FORCED_ENTRY,10.050770718804792,0.23263291445381043,30
422,FORCED_ENTRY,-6.523995445819408,-0.3405957654713385,30
423,FORCED_ENTRY,2.9870438489011555,0.33459678459096587,30
424,FORCED_ENTRY,-1.9235182992623006,-0.1642972303736725,30
425,FORCED_ENTRY,2.842805857731469,0.06362317481529549,30
426,FORCED_ENTRY,6.748717876217229,0.017776455146389362,30
427,FORCED_ENTRY,-0.07283828127075104,-0.22459782718577476,30
428,FORCED_ENTRY,0.1209272974587969,0.20564374951630604,30
429,FORCED_ENTRY,-11.924857549513616,-0.41762031819295237,30
430,FORCED_ENTRY,-1.9338159319419865,0.0032253146760631885,30
431,FORCED_ENTRY,-5.079126473894477,-0.4904097647104967,30
432,FORCED_ENTRY,-6.801433908445003,-0.16158483737413334,30
433,FORCED_ENTRY,0.04561755018986209,0.009176940822134376,30
434,FORCED_ENTRY,-10.609596046047011,-0.41999177076299987,30
435,FORCED_ENTRY,3.070409673532119,-0.07925956600814069,30
436,FORCED_ENTRY,-3.294411383162075,-0.2537274207790609,30
437,FORCED_ENTRY,5.254833729667568,0.184804740525082,30
438,FORCED_ENTRY,0.8505900922488535,-0.14368135791322495,30
439,FORCED_ENTRY,-2.9459437197447786,0.20117558232103327,30
440,FORCED_ENTRY,-3.6915981547005448,-0.133166333751661,30
441,FORCED_ENTRY,3.3679081371329715,0.016187221434490546,30
442,FORCED_ENTRY,-10.109572049726136,-0.26261679236778895,30
443,FORCED_ENTRY,-5.2000871175229495,-0.3121137711924768,30
444,FORCED_ENTRY,-6.620688654186418,-0.6872596038990412,30
445,FORCED_ENTRY,-0.35904205401057604,0.09466180455701326,30
446,FORCED_ENTRY,-2.7303745419694256,-0.45693544456446755,30
447,FORCED_ENTRY,0.30604267433390714,0.020942774629880413,30
448,FORCED_ENTRY,-2.1447889281669585,-0.23797467132083974,30
449,FORCED_ENTRY,4.8687091442868775,0.35803386925665825,30
450,FORCED_ENTRY,4.366540549153897,0.41345438675315127,30
451,FORCED_ENTRY,0.016285637148134035,-0.09659264129956065,30
452,FORCED_ENTRY,3.0776508636698634,-0.008517632266235031,30
453,FORCED_ENTRY,11.361862459581854,0.25610473521586957,30
454,FORCED_ENTRY,-4.535980623019504,-0.5239759298497426,30
455,FORCED_ENTRY,-0.8881401823734049,-0.27029712906049586,30
456,FORCED_ENTRY,16.388631284403235,0.712725074038156,30
457,FORCED_ENTRY,-0.71786439838792,-0.32895490564963364,30
458,FORCED_ENTRY,-9.722476949090076,-0.4525430335287035,30
459,FORCED_ENTRY,1.2060746034880023,-0.42585763114977004,30
460,FORCED_ENTRY,1.653920361725364,0.33961838726608234,30
461,FORCED_ENTRY,4.260285482625469,-0.11394100561291723,30
462,FORCED_ENTRY,-3.600297626913229,-0.02902205013300699,30
463,FORCED_ENTRY,-0.8340255362221274,0.13127071634100382,30
464,FORCED_ENTRY,0.4939320311277099,0.10373027163011828,30
465,FORCED_ENTRY,2.860224965280142,0.2393265176674644,30
466,FORCED_ENTRY,-5.157666946136112,-0.20653866871789212,30
467,FORCED_ENTRY,-2.402884459183291,0.01961201935253069,30
468,FORCED_ENTRY,-4.564849369303749,0.2497263410620008,30
469,FORCED_ENTRY,0.8016395925865932,0.08523972858490682,30
470,FORCED_ENTRY,-1.4000597622045716,0.02826075296208592,30
471,FORCED_ENTRY,-0.4271934332627717,-0.02105774598083127,30
472,FORCED_ENTRY,-0.6545738411878566,-0.10971588381224025,30
473,FORCED_ENTRY,3.719745544026257,0.13903041845142303,30
474,FORCED_ENTRY,-3.9964165991286325,-0.10178513086182066,30
475,FORCED_ENTRY,1.5621692960693754,-0.01887612412527488,30
476,FORCED_ENTRY,-2.4056524710119502,-0.09532696241733078,30
477,FORCED_ENTRY,-3.2083187058251355,-0.11534644791538753,30
478,FORCED_ENTRY,-3.220255611536528,-0.03766826235790699,30
479,FORCED_ENTRY,-13.71297931873359,-0.8841874885712001,30
480,FORCED_ENTRY,6.9856015686634345,0.16410895148834764,30
481,FORCED_ENTRY,5.449057801947727,0.23056240630795985,30
482,FORCED_ENTRY,1.1428634552110981,0.31606726197293106,30
483,FORCED_ENTRY,1.7864725507287442,0.07153819582584298,30
484,FORCED_ENTRY,-8.248838943756967,-0.32296687969494137,30
485,FORCED_ENTRY,5.153446687908383,0.2830505997839591,30
486,FORCED_ENTRY,0.15430344181732597,0.1931411049558128,30
487,FORCED_ENTRY,-3.2002852438063227,-0.012466368262450563,30
488,FORCED_ENTRY,1.2332722780044187,0.07024179089672603,30
489,FORCED_ENTRY,-8.6441159859537,-0.03588363243481627,30
490,FORCED_ENTRY,-10.723353965262937,-0.5162510706333036,30
491,FORCED_ENTRY,5.35000920625997,-0.7394959107146172,30
492,FORCED_ENTRY,-0.32321817523662205,0.0038826330157997785,30
493,FORCED_ENTRY,0.30012493583126604,0.1332487262022993,30
494,FORCED_ENTRY,-12.93576906224247,-0.5359623982574838,30
495,FORCED_ENTRY,0.7757546825845321,-0.2015714058241971,30
496,FORCED_ENTRY,-0.42028479007997543,-0.05969734341089545,30
497,FORCED_ENTRY,-0.7964432003762114,-0.25255287159810547,30
498,FORCED_ENTRY,-1.3786083033669339,-0.1878464989057654,30
499,FORCED_ENTRY,-5.426509532546414,-0.4905407200498136,30
500,FORCED_ENTRY,-2.5902591809863154,0.22179276695929978,30
501,FORCED_ENTRY,-6.802019093985046,-0.5721408618504008,30
502,FORCED_ENTRY,1.7378069787945607,0.47457649008369746,30
503,FORCED_ENTRY,-1.2943980083222362,0.0042780941879677825,30
504,FORCED_ENTRY,-4.828073134710386,0.005786999746971766,30
505,FORCED_ENTRY,-4.31469940430464,-0.23582473080638972,30
506,FORCED_ENTRY,1.308369733975743,-0.5832923452670116,30
507,FORCED_ENTRY,-10.246123563286377,-0.41655500979651006,30
508,FORCED_ENTRY,-0.6559726976212816,0.04111300906974346,30
509,FORCED_ENTRY,1.5941022051136366,0.2338625130323342,30
510,FORCED_ENTRY,-3.3904528057724583,-0.03591350261099122,30
511,FORCED_ENTRY,-6.389206782405297,-0.10193062684824591,30
512,FORCED_ENTRY,-4.361660579559676,-0.04205726829826919,30
513,FORCED_ENTRY,11.943266552929074,0.5731841313034746,30
514,FORCED_ENTRY,-7.658083086150194,-0.17498064336829752,30
515,FORCED_ENTRY,0.43320498951626807,0.1992339254995508,30
516,FORCED_ENTRY,-0.8671875069328788,0.19290043950744723,30
517,FORCED_ENTRY,-1.6500219606568625,0.047494087930344014,30
518,FORCED_ENTRY,-3.008504084013592,0.14671564376099647,30
519,FORCED_ENTRY,-4.572200886825801,-0.1799503849938869,30
520,FORCED_ENTRY,2.6019629183882094,-0.09607919529891372,30
521,FORCED_ENTRY,-9.644438800803414,0.024765927409661496,30
522,FORCED_ENTRY,-5.03437775965186,0.04522332461133424,30
523,FORCED_ENTRY,-0.5129371951085272,0.1674724229011863,30
524,FORCED_ENTRY,-4.464844229421646,-0.2944903117313974,30
525,FORCED_ENTRY,2.9010678694595344,0.13386516309383387,30
526,FORCED_ENTRY,-5.2112082354839995,-0.15710964828502774,30
527,FORCED_ENTRY,-2.9900812129026857,0.12443646644649171,30
528,FORCED_ENTRY,2.8198676509216387,-0.2917996429017604,30
529,FORCED_ENTRY,2.53819271939675,0.07682937661607439,30
530,FORCED_ENTRY,-4.255265675082214,-0.41052226752077925,30
531,FORCED_ENTRY,-1.431291459862928,0.12460964886329973,30
532,FORCED_ENTRY,2.2418009061555386,0.2918747553900122,30
533,FORCED_ENTRY,-0.6305938104599311,0.17186582106343531,30
534,FORCED_ENTRY,-1.6448791103824294,-0.14164497102366214,30
535,FORCED_ENTRY,2.282027621596532,-0.07602892442109131,30
536,FORCED_ENTRY,-3.9329812369387858,0.15363468345569214,30
537,FORCED_ENTRY,-2.2164451379404246,-0.01815027347128269,30
538,FORCED_ENTRY,-0.7143945832430526,-0.0545423407852921,30
539,FORCED_ENTRY,-9.30278066167134,-0.8688221593393534,30
540,FORCED_ENTRY,7.353672833134413,-0.20061008847305148,30
541,FORCED_ENTRY,6.923039969155178,0.4076878168914115,30
542,FORCED_ENTRY,3.0574824026624405,-0.15714121370004264,30
543,FORCED_ENTRY,5.381850854018805,0.09789373388051585,30
544,FORCED_ENTRY,-3.517103110366062,-0.010667313861498773,30
545,FORCED_ENTRY,3.8703422042751288,0.19285661231753812,30
546,FORCED_ENTRY,-3.6586326999555903,-0.2622223178002137,30
547,FORCED_ENTRY,-6.87008973424132,-0.48056652546851003,30
548,FORCED_ENTRY,-2.5426088840002925,-0.5072438150560149,30
549,FORCED_ENTRY,-11.414478612310152,-0.41193657304367426,30
550,FORCED_ENTRY,5.305044099878955,0.1930182990661305,30
551,FORCED_ENTRY,6.600695012904015,0.04341782307756838,30
552,FORCED_ENTRY,-5.605218062242362,-0.28732322932656756,30
553,FORCED_ENTRY,-4.839018976612874,0.02642396792739771,30
554,FORCED_ENTRY,10.159881883420116,0.9482237931694295,30
555,FORCED_ENTRY,6.997123951684411,0.3842387042267763,30
556,FORCED_ENTRY,-0.516485585958259,-0.5037576304060569,30
557,FORCED_ENTRY,-5.649475749810424,-0.21217203521726075,30
558,FORCED_ENTRY,3.4817294687534863,-0.014754107674040055,30
559,FORCED_ENTRY,-1.8293874578042322,-0.06268325043983212,30
560,FORCED_ENTRY,-0.6989142382359282,-0.33578772351797154,30
561,FORCED_ENTRY,-17.205751426057475,-0.2407304886577527,30
562,FORCED_ENTRY,-0.17317693010441104,-0.3397460228626513,30
563,FORCED_ENTRY,-4.377196134359073,-0.2247211928212541,30
564,FORCED_ENTRY,4.345118786528026,0.18715639063618467,30
565,FORCED_ENTRY,1.538220878489149,-0.09967385935742927,30
566,FORCED_ENTRY,-3.2769927367506204,-0.032640355423937166,30
567,FORCED_ENTRY,1.2015373580387354,0.12243342813527637,30
568,FORCED_ENTRY,-6.431779687268877,-0.11583787030729048,30
569,FORCED_ENTRY,8.588394423208694,0.08952513498185138,30
570,FORCED_ENTRY,-12.184884209529605,-0.4663479761399222,30
571,FORCED_ENTRY,0.5381934551425177,0.32965036917321033,30
572,FORCED_ENTRY,-2.3143597969195797,-0.4222873954630421,30
573,FORCED_ENTRY,-3.0997720412665672,0.18848192859391819,30
574,FORCED_ENTRY,6.939503018920312,0.3502742098901912,30
575,FORCED_ENTRY,12.840437005249465,0.48276250806657117,30
576,FORCED_ENTRY,-0.6790288223181129,-0.2946870135741026,30
577,FORCED_ENTRY,-2.5612150112388603,0.23433380321542868,30
578,FORCED_ENTRY,0.06004123328716357,0.14094302686994023,30
579,FORCED_ENTRY,4.254553927895106,0.20865157239277335,30
580,FORCED_ENTRY,-2.0813500947696895,-0.18898275896859573,30
581,FORCED_ENTRY,-12.389030439898004,-0.2929588650711043,30
582,FORCED_ENTRY,2.6672852137321277,0.19292736585160628,30
583,FORCED_ENTRY,-1.106541170327568,0.2433243844918019,30
584,FORCED_ENTRY,-1.9810775222941381,0.05713768247086765,30
585,FORCED_ENTRY,1.1446051694450394,0.6356525046246791,30
586,FORCED_ENTRY,0.048075349795980285,-0.30748349994300056,30
587,FORCED_ENTRY,-4.9589027261316625,-0.126996318949424,30
588,FORCED_ENTRY,-4.821104775538214,0.3528516734330511,30
589,FORCED_ENTRY,2.651355300459199,-0.027696047823775195,30
590,FORCED_ENTRY,4.503664487417157,0.06445952573346785,30
591,FORCED_ENTRY,-1.8575575041994588,0.12018957560647421,30
592,FORCED_ENTRY,-1.2274471241733103,-0.46832562439340436,30
593,FORCED_ENTRY,4.437776721338054,-0.40600385633789526,30
594,FORCED_ENTRY,2.582833990169542,0.15053240367135517,30
595,FORCED_ENTRY,1.653897799549219,0.0024329908719468015,30
596,FORCED_ENTRY,-0.5383408011787784,-0.20658422203538304,30
597,FORCED_ENTRY,-3.530489669722895,-0.016876032297011977,30
598,FORCED_ENTRY,3.9007892775447996,0.2963802580764039,30
599,FORCED_ENTRY,-0.22532113705661144,0.2220695714071666,30
600,FORCED_ENTRY,1.8708476899638604,0.09358887604242613,30
601,FORCED_ENTRY,-2.9763473850533226,-0.2697157035533124,30
602,FORCED_ENTRY,0.830655823665711,0.17400424380680063,30
603,FORCED_ENTRY,8.066559520244711,0.5088293919545256,30
604,FORCED_ENTRY,7.805229946007963,-0.020619375537872728,30
605,FORCED_ENTRY,4.374088259145813,0.04074073239289057,30
606,FORCED_ENTRY,-0.4235211191781523,0.1029539964118751,30
607,FORCED_ENTRY,2.339719887114226,-0.0782117763153067,30
608,FORCED_ENTRY,4.1523488619701325,0.3850693900873504,30
609,FORCED_ENTRY,-3.216135936621671,-0.3773607852322709,30
610,FORCED_ENTRY,7.297520257106411,0.45504370322838844,30
611,FORCED_ENTRY,6.140089742995978,-0.9672395402390225,30
612,FORCED_ENTRY,6.57126461810989,0.47991707250803134,30
613,FORCED_ENTRY,2.0657118555577902,0.059949048120462325,30
614,FORCED_ENTRY,2.482370613946884,0.2112750056961815,30
615,FORCED_ENTRY,-2.100728237002424,0.022984663294197193,30
616,FORCED_ENTRY,-0.0805136567219551,-0.07770331685784869,30
617,FORCED_ENTRY,3.070828560165596,0.5414478751492171,30
618,FORCED_ENTRY,-2.7451522424618386,-0.04611297628827828,30
619,FORCED_ENTRY,5.942389184042612,0.2335169804149331,30
620,FORCED_ENTRY,-12.864083146865303,-0.18942480393820446,30
621,FORCED_ENTRY,4.905766327003427,0.20312135332824072,30
622,FORCED_ENTRY,-0.6290273457087586,-0.15150455238777624,30
623,FORCED_ENTRY,2.135189772649264,0.22778368982209146,30
624,FORCED_ENTRY,0.030814381409435408,-0.3152270669028887,30
625,FORCED_ENTRY,-5.092073134318329,-0.14632319793153592,30
626,FORCED_ENTRY,3.5569527965038055,0.06779691448613057,30
627,FORCED_ENTRY,4.153975967149397,0.44546325676190107,30
628,FORCED_ENTRY,-6.166991090263683,-0.14572051335600925,30
629,FORCED_ENTRY,7.223527088517887,-0.027227949122298246,30
630,FORCED_ENTRY,-4.289756083980716,-0.8083921558762149,30
631,FORCED_ENTRY,4.177294841569056,0.1404236320735985,30
632,FORCED_ENTRY,-2.3948879029430676,-0.4621261101948813,30
633,FORCED_ENTRY,-15.814939087410373,-0.618097054217513,30
634,FORCED_ENTRY,-1.6458389592197213,-0.09469759815720528,30
635,FORCED_ENTRY,-11.225901641119936,-0.78872698617964,30
636,FORCED_ENTRY,-2.820860239629609,0.02458600964188628,30
637,FORCED_ENTRY,11.19271407100345,-0.7956148962337736,30
638,FORCED_ENTRY,3.311414439409595,-0.1982620573638782,30
639,FORCED_ENTRY,1.2639267183853014,-0.21449683990107438,30
640,FORCED_ENTRY,10.534512331875533,0.86131820664898,30
641,FORCED_ENTRY,5.020484100067361,0.05965277398790761,30
642,FORCED_ENTRY,10.523608364454871,0.49186395869164795,30
643,FORCED_ENTRY,1.1907976754518226,0.012734787998360158,30
644,FORCED_ENTRY,-2.4542483543261975,-0.049859190177409994,30
645,FORCED_ENTRY,-10.458456267898574,-0.27795934437277087,30
646,FORCED_ENTRY,-8.421085123418703,-0.3327112285443447,30
647,FORCED_ENTRY,-5.3478260530687605,-0.4634998841758972,30
648,FORCED_ENTRY,6.61142682692996,0.46857234686119786,30
649,FORCED_ENTRY,11.612568693459318,0.468824301747133,30
650,FORCED_ENTRY,-3.5099741504903808,0.29319158917993654,30
651,FORCED_ENTRY,5.991477307280001,-0.1687153995111334,30
652,FORCED_ENTRY,7.731475522724175,0.510998144815353,30
653,FORCED_ENTRY,-1.9426788828554598,-0.027452178944550366,30
654,FORCED_ENTRY,3.210391621324845,-0.20990723087745583,30
655,FORCED_ENTRY,1.614781910258596,-0.09591993048232264,30
656,FORCED_ENTRY,3.786657082631924,0.10844783906967441,30
657,FORCED_ENTRY,0.15629417706827908,0.2278261560095743,30
658,FORCED_ENTRY,-7.682240336976673,-0.058711783183412226,30
659,FORCED_ENTRY,-4.8430861006573656,-0.06670096518152015,30
660,FORCED_ENTRY,-9.03466226893868,-0.6689826444563303,30
661,FORCED_ENTRY,0.9089431005956138,-0.1126841089611223,30
662,FORCED_ENTRY,-11.868333475921624,-0.5201952774523885,30
663,FORCED_ENTRY,-2.2649643254668623,-0.9640803905855503,30
664,FORCED_ENTRY,-6.068139548338109,0.21320973133369864,30
665,FORCED_ENTRY,3.7154777138042583,0.4140705467965631,30
666,FORCED_ENTRY,2.444996250017756,0.2581523954708791,30
667,FORCED_ENTRY,-6.374932128851302,0.022581110039164957,30
668,FORCED_ENTRY,2.4883463542998263,0.5493298924376705,30
669,FORCED_ENTRY,2.5429912973653557,0.34565570173313787,30
670,FORCED_ENTRY,0.5800186821252288,-0.11811949600189818,30
671,FORCED_ENTRY,-2.5688129018012114,-0.5507177473806061,30
672,FORCED_ENTRY,-0.12794407907542663,-0.2090959413473292,30
673,FORCED_ENTRY,8.4734828134608,0.5026268872254881,30
674,FORCED_ENTRY,2.619856605190134,-0.193850491177784,30
675,FORCED_ENTRY,-1.979138561669652,0.02840384764986652,30
676,FORCED_ENTRY,-8.710229496687466,-0.20804159834397454,30
677,FORCED_ENTRY,1.3232697052528009,0.2862061660111261,30
678,FORCED_ENTRY,-3.4277782854387464,-0.04972453521686075,30
679,FORCED_ENTRY,-0.1505445336526893,-0.00798233353583907,30
680,FORCED_ENTRY,14.4844635860308,0.7060665070249352,30
681,FORCED_ENTRY,1.1980937397593796,0.04771239500579721,30
682,FORCED_ENTRY,3.0923568859074346,-0.5493408879789416,30
683,FORCED_ENTRY,0.09149515978054902,0.2591030265820625,30
684,FORCED_ENTRY,-7.101855532660213,-0.2556858963685749,30
685,FORCED_ENTRY,-2.853679850295688,-0.04058625141822096,30
686,FORCED_ENTRY,-6.2029778880820805,-0.33831929126254623,30
687,FORCED_ENTRY,5.2286584834513,-0.07210127761615605,30
688,FORCED_ENTRY,-7.058027651883343,-0.31994990232475623,30
689,FORCED_ENTRY,-1.8022534490483924,-0.24230817707903085,30
690,FORCED_ENTRY,-0.4351968301604791,-0.031480109672455264,30
691,FORCED_ENTRY,2.661026717542163,0.13845715464041863,30
692,FORCED_ENTRY,4.167071740838669,-0.18904631119458742,30
693,FORCED_ENTRY,-2.192770486403817,-0.006566441615381061,30
694,FORCED_ENTRY,-4.68316007118344,-0.0007403456722872607,30
695,FORCED_ENTRY,1.9093508597700615,-0.04107585489603324,30
696,FORCED_ENTRY,8.511237124034388,0.5348999868719158,30
697,FORCED_ENTRY,-3.168158607498822,-0.02929369562449935,30
698,FORCED_ENTRY,-0.030363215017595147,-0.11307315698614558,30
699,FORCED_ENTRY,-5.283094045382331,-0.012828560706037958,30
700,FORCED_ENTRY,-0.41180310433402456,0.1397738657804536,30
701,FORCED_ENTRY,-1.82113588153671,0.0647278165841713,30
702,FORCED_ENTRY,-3.258227641295284,0.19051416824232234,30
703,FORCED_ENTRY,-4.096511436909087,-0.1275278726927836,30
704,FORCED_ENTRY,-3.8892978563889256,0.07545106736953497,30
705,FORCED_ENTRY,-1.2080796241382568,-0.43474382351030855,30
706,FORCED_ENTRY,-3.9150798543947243,-0.4916425250980106,30
707,FORCED_ENTRY,-6.046690707864563,-0.6060498114918164,30
708,FORCED_ENTRY,0.4129128246914867,0.007972434608278437,30
709,FORCED_ENTRY,9.496570309498825,0.11590372129516963,30
710,FORCED_ENTRY,-7.727316973385133,-0.34116298284582136,30
711,FORCED_ENTRY,-0.9780908992875024,-0.1304282984221884,30
712,FORCED_ENTRY,0.4285862664712116,-0.049290977492699124,30
713,FORCED_ENTRY,-5.9827322175634094,-0.8655737210710297,30
714,FORCED_ENTRY,5.382202898129514,0.29621928091483923,30
715,FORCED_ENTRY,-4.693246390366642,-0.4181158893912033,30
716,FORCED_ENTRY,-5.007615294327499,-0.15008627070849367,30
717,FORCED_ENTRY,-5.866422774103695,-0.24559833469938958,30
718,FORCED_ENTRY,12.446293585360214,0.6508445436025124,30
719,FORCED_ENTRY,-4.8886817013507216,0.037051252477166736,30
720,FORCED_ENTRY,3.424156332665358,0.1776742630766752,30
721,FORCED_ENTRY,-2.8852770926691895,0.0041697244062492535,30
722,FORCED_ENTRY,2.6612298941885886,0.01736847882105434,30
723,FORCED_ENTRY,-4.843238818177626,-0.13842018123537544,30
724,FORCED_ENTRY,0.08113143294173639,-0.22879082345197735,30
725,FORCED_ENTRY,0.6071211951318106,-0.41548023751733765,30
726,FORCED_ENTRY,-0.5947181107296973,-1.1980143417409015,30
727,FORCED_ENTRY,-7.323724083712229,0.1640276890900802,30
728,FORCED_ENTRY,-4.105538537759488,0.06736343674992513,30
729,FORCED_ENTRY,4.009660784000143,0.18367348187223312,30
730,FORCED_ENTRY,8.249179320328778,0.22842387549134532,30
731,FORCED_ENTRY,2.705070575282685,-0.7418587405069734,30
732,FORCED_ENTRY,-2.9434722213057802,0.1599530174533414,30
733,FORCED_ENTRY,7.902026833714455,0.41776286047841255,30
734,FORCED_ENTRY,-4.938896416773694,-0.5255533861830197,30
735,FORCED_ENTRY,-4.9477015482321915,-0.3012262723487164,30
736,FORCED_ENTRY,2.513382306572152,0.12741701061020613,30
737,FORCED_ENTRY,-1.8487816037991807,0.1523181040140728,30
738,FORCED_ENTRY,5.0914329027169165,0.33921021171469184,30
739,FORCED_ENTRY,1.6885319023709457,0.02914505798110396,30
740,FORCED_ENTRY,8.920993327311852,-0.06299116043696254,30
741,FORCED_ENTRY,2.5262894492733694,-0.08980981350346086,30
742,FORCED_ENTRY,-2.059021019078565,-0.41289308126418445,30
743,FORCED_ENTRY,1.4721953727245667,0.08349803369290355,30
744,FORCED_ENTRY,-9.256020123069932,-0.2416279132713161,30
745,FORCED_ENTRY,-3.4447013682571295,-0.2984537239714855,30
746,FORCED_ENTRY,9.810328153452966,0.29338003759877207,30
747,FORCED_ENTRY,3.4059968740295825,-0.3003977961929734,30
748,FORCED_ENTRY,-1.9252731158757883,-0.020222100713150146,30
749,FORCED_ENTRY,0.4218220503524426,0.21816395164802554,30
750,STABILIZATION,-5.289282588548702,-0.4407853418828534,30
751,STABILIZATION,-3.2051950444132813,-0.000943359787919773,30
752,STABILIZATION,6.58933104851203,0.5399987623082428,30
753,STABILIZATION,1.3935030903297927,0.2638971491721082,30
754,STABILIZATION,10.858922846620995,0.5562714790904781,30
755,STABILIZATION,4.056525660683733,0.26124694886468264,30
756,STABILIZATION,5.408577091178345,-0.17434397590084258,30
757,STABILIZATION,-4.454638940181864,-0.4812006010091492,30
758,STABILIZATION,-4.510304814747785,-0.32550682221003735,30
759,STABILIZATION,3.741169251114823,0.067590151644467,30
760,STABILIZATION,-2.457736829163464,-0.015972277798293504,30
761,STABILIZATION,8.26752670893707,0.31219005024805685,30
762,STABILIZATION,-2.872870304060178,0.13563027023192006,30
763,STABILIZATION,5.233693398934021,-0.027158564315701347,30
764,STABILIZATION,9.748318293369982,0.4166668891316476,30
765,STABILIZATION,-5.318155740470339,0.1474217831249097,30
766,STABILIZATION,2.056879430554212,0.016096387054124733,30
767,STABILIZATION,1.038465934182395,0.29070990146561415,30
768,STABILIZATION,2.6841342693993595,0.32760895792987943,30
769,STABILIZATION,-4.221452811325987,0.005882253305315643,30
770,STABILIZATION,-4.530003753860934,0.04088940496786278,30
771,STABILIZATION,-2.8631628563373965,0.1226978256176584,30
772,STABILIZATION,-0.26560472737419305,-0.35690167722235666,30
773,STABILIZATION,3.7765221272887697,0.06455689804617812,30
774,STABILIZATION,0.5740084392399653,-0.09400943460567918,30
775,STABILIZATION,0.8162811062430957,0.23580190463571168,30
776,STABILIZATION,-1.6656651496219137,0.11743290362109933,30
777,STABILIZATION,10.627810770891124,0.27563043259181913,30
778,STABILIZATION,-4.952036441817684,-0.056924719777299765,30
779,STABILIZATION,-4.91008486596841,0.32021013151155414,30
780,STABILIZATION,2.1046184353261173,0.44093709854002294,30
781,STABILIZATION,-2.573332165353117,0.042253428118360505,30
782,STABILIZATION,4.152268737009504,0.20809441283278804,30
783,STABILIZATION,9.00363134641093,0.2930764199121694,30
784,STABILIZATION,-2.9393346567222154,0.060482678822019895,30
785,STABILIZATION,2.8754376380619546,0.00032898995022490794,30
786,STABILIZATION,0.47677923600302435,-0.5166875357121152,30
787,STABILIZATION,-1.3463962744879918,0.099729670567555,30
788,STABILIZATION,4.47104172499585,0.10460380021738054,30
789,STABILIZATION,-3.9328272456932387,-0.33284938850454054,30
790,STABILIZATION,-2.7513430600419357,-1.614996207297003,30
791,STABILIZATION,10.4772885180262,0.07627198771578346,30
792,STABILIZATION,9.965370869780331,0.23507450276745787,30
793,STABILIZATION,-2.8045810673702554,0.20183169400057185,30
794,STABILIZATION,-6.162081411599223,0.1528557760390688,30
795,STABILIZATION,1.8932394180739918,-0.021688914452280546,30
796,STABILIZATION,-3.624100424033824,-0.1255245106910309,30
797,STABILIZATION,-1.9162667981271564,-0.022443652487369296,30
798,STABILIZATION,-1.9329218768502434,-0.007171531241513114,30
799,STABILIZATION,5.690214290994558,-0.0945603319187061,30
800,STABILIZATION,-8.061607330068878,-1.0380905039290977,30
801,STABILIZATION,0.6089447758006915,0.15388936677119852,30
802,STABILIZATION,-2.847254920661582,-0.04005097603745592,30
803,STABILIZATION,-2.487301488472949,-0.21993410832591695,30
804,STABILIZATION,5.305763159031015,-0.36080431260690676,30
805,STABILIZATION,-5.02036455483184,-0.4168300825426438,30
806,STABILIZATION,-4.256402567393638,-0.3560945590960889,30
807,STABILIZATION,3.615791719535792,0.14069390978340163,30
808,STABILIZATION,0.3811818177303419,0.2654469415806316,30
809,STABILIZATION,-2.1174403803155437,-0.3845574972079522,30
810,STABILIZATION,-0.279807626264614,-0.04220619680059557,30
811,STABILIZATION,1.2556179769575866,-0.7351828722652277,30
812,STABILIZATION,7.8559876983622265,0.1821069447981511,30
813,STABILIZATION,9.13588067025698,-0.12472157707428982,30
814,STABILIZATION,-4.515739144798102,-0.46532524568565387,30
815,STABILIZATION,4.9884402021272525,-0.9779788199168886,30
816,STABILIZATION,4.183060767689549,0.28461566939489125,30
817,STABILIZATION,-7.485049090616767,0.018147340289092283,30
818,STABILIZATION,1.425722419670251,0.12254842338468198,30
819,STABILIZATION,-5.291010880445252,-0.428581097538691,30
820,STABILIZATION,-3.093382784217838,-0.19155653677396264,30
821,STABILIZATION,-8.523241509804173,-0.1721689612238943,30
822,STABILIZATION,-1.7615599975697471,-0.09618651180095239,30
823,STABILIZATION,-1.9709458304259042,-0.3012201545620121,30
824,STABILIZATION,-6.132901789968483,-0.28781011025809644,30
825,STABILIZATION,9.373005514963495,0.2811467958311983,30
826,STABILIZATION,-2.268021829076379,0.0034215912660622147,30
827,STABILIZATION,-3.995905793106869,0.07170997332881349,30
828,STABILIZATION,2.4383889261342206,0.08504746068567219,30
829,STABILIZATION,-7.350677825347849,-0.37305972552315336,30
830,STABILIZATION,-9.39069469210283,-0.5300291760772566,30
831,STABILIZATION,7.32215557355479,0.31940153120356596,30
832,STABILIZATION,-1.2447481608018574,-0.1794758205169181,30
833,STABILIZATION,-0.739234948466217,-0.034051525642646484,30
834,STABILIZATION,-2.7175324287347213,-0.09144668122903332,30
835,STABILIZATION,3.9061324199620477,0.38529475868574325,30
836,STABILIZATION,6.481206215686194,0.43181941584117656,30
837,STABILIZATION,-1.5596863055257966,-0.09181254255132419,30
838,STABILIZATION,-0.9042348925055954,-0.051772495406845004,30
839,STABILIZATION,7.0728113023240455,0.16412421876921524,30
840,STABILIZATION,-1.3711185302713793,-0.025823922932350505,30
841,STABILIZATION,2.3536427113256138,0.13808425522573636,30
842,STABILIZATION,-4.952389274480977,-0.30897086484745023,30
843,STABILIZATION,4.900353463094491,-0.16410138715447695,30
844,STABILIZATION,-2.9511276033581924,-0.44277924760074255,30
845,STABILIZATION,0.6337981987904727,-0.13962348082015855,30
846,STABILIZATION,0.011257807929892883,-0.011279567878009907,30
847,STABILIZATION,1.065921965549112,0.05377901777080478,30
848,STABILIZATION,-1.4797944512479657,-0.182212949868792,30
849,STABILIZATION,4.232731434055609,-0.04894853371260413,30
850,STABILIZATION,-3.56403064086098,-0.319645406949299,30
851,STABILIZATION,-2.836985264235831,-0.3224474504383728,30
852,STABILIZATION,17.80617759308407,0.11950140947990485,30
853,STABILIZATION,-1.0972317017353843,-0.5225690602513496,30
854,STABILIZATION,16.007673905240143,0.9759045701450709,30
855,STABILIZATION,-2.2316518057533816,-0.1092808506518165,30
856,STABILIZATION,-1.8939556748005968,0.3287995592348093,30
857,STABILIZATION,3.2707087133048804,0.2912376653462745,30
858,STABILIZATION,4.342716352820088,-0.5974212085708557,30
859,STABILIZATION,12.171626532210249,0.12441083969538992,30
860,STABILIZATION,1.0917359065361163,0.4051204340328404,30
861,STABILIZATION,-12.272388449513723,-0.5531019966067794,30
862,STABILIZATION,-5.164191139392488,-0.16266287620218028,30
863,STABILIZATION,5.526529610506158,-0.5195624743425103,30
864,STABILIZATION,0.33535207722543486,-0.03188973322467,30
865,STABILIZATION,7.7387392090566465,0.41009024782358056,30
866,STABILIZATION,1.0480683952569798,0.46409507607511996,30
867,STABILIZATION,0.7178320894510319,-0.40846477922234475,30
868,STABILIZATION,-7.20192656497573,-0.6095659119860812,30
869,STABILIZATION,4.864202026584364,0.25565040091638125,30
870,STABILIZATION,0.4800786362702462,0.09641102136011528,30
871,STABILIZATION,-1.1869207829967099,-0.6833358072067369,30
872,STABILIZATION,8.546824133409338,0.0769751429226347,30
873,STABILIZATION,-1.766592075978315,0.19152865131418162,30
874,STABILIZATION,9.442862275212496,-0.005804838650260832,30
875,STABILIZATION,-3.289184960093085,-0.32572670074343874,30
876,STABILIZATION,4.749854305470683,0.5323390147173193,30
877,STABILIZATION,-7.568914327111358,-0.5164451429561122,30
878,STABILIZATION,-0.3196556270308304,-0.765339637441573,30
879,STABILIZATION,-7.898961188127817,-0.2129719679257868,30
880,STABILIZATION,3.185058908263272,0.19725355371154313,30
881,STABILIZATION,-0.6068289716971035,0.2456431227627577,30
882,STABILIZATION,5.806804093588834,0.2620013092346572,30
883,STABILIZATION,-4.117150771004631,-0.1382055351446377,30
884,STABILIZATION,-6.419945300416176,-1.6206614576050802,30
885,STABILIZATION,-2.1375341365741543,0.23478172458203825,30
886,STABILIZATION,12.734848012223763,0.09179319224774521,30
887,STABILIZATION,4.360965495519112,0.19513624124801687,30
888,STABILIZATION,-6.894254252519625,-0.14595140672707477,30
889,STABILIZATION,-1.081957536911153,0.012606831565658567,30
890,STABILIZATION,-0.544105458598805,-0.14233321776632404,30
891,STABILIZATION,2.396669626958895,0.35739599901812064,30
892,STABILIZATION,-0.3931321557664946,-0.08675585949968084,30
893,STABILIZATION,-1.930784911546861,0.3168237248810412,30
894,STABILIZATION,-1.1325662645298866,-0.028165592589859508,30
895,STABILIZATION,2.880048590407386,-0.2723669632420785,30
896,STABILIZATION,-6.914448345367725,-0.48455548213198224,30
897,STABILIZATION,-4.373505216499658,-0.32120882233485354,30
898,STABILIZATION,-0.20305513197663586,-0.24360614636212793,30
899,STABILIZATION,3.8687812745546397,-0.2610639409114766,30
900,STABILIZATION,-0.23515737813508045,-0.404359502162119,30
901,STABILIZATION,-0.8549143990544562,0.35994478515851497,30
902,STABILIZATION,-6.167351444648714,-0.07329807166876605,30
903,STABILIZATION,5.296754551901547,0.41825397488233995,30
904,STABILIZATION,1.8661132356802843,0.37524170586455124,30
905,STABILIZATION,-9.429340859635769,-0.1394616516281469,30
906,STABILIZATION,0.9823834565165751,-0.48047962568072666,30
907,STABILIZATION,-5.3889234837438496,0.00986818139459018,30
908,STABILIZATION,-3.2265821455914634,0.028832471822467436,30
909,STABILIZATION,-2.0010363113338547,-0.10251365914731267,30
910,STABILIZATION,-6.012141793053803,-0.197776276815281,30
911,STABILIZATION,-1.8812994329488852,0.06455074279372722,30
912,STABILIZATION,-0.63053217913166,-0.15127794045390178,30
913,STABILIZATION,-11.547273278510147,-0.07809357706266175,30
914,STABILIZATION,1.2830945226425443,0.03834972189031296,30
915,STABILIZATION,-3.745621462969922,0.050347028255795255,30
916,STABILIZATION,-0.4531260930030646,0.14017305858730908,30
917,STABILIZATION,3.7483568538745797,0.36899587995379207,30
918,STABILIZATION,-0.5496419543417588,-0.14669555897405445,30
919,STABILIZATION,2.774987470329131,0.2573103741686296,30
920,STABILIZATION,-12.196033404869056,-0.4641120948721372,30
921,STABILIZATION,-2.3979563978665634,-0.43581849257501637,30
922,STABILIZATION,5.105583368163621,-0.19205404810761798,30
923,STABILIZATION,2.484996142898405,-0.3009989460339138,30
924,STABILIZATION,6.957347597707732,0.3623442709760574,30
925,STABILIZATION,-1.7565063022294327,-0.13363459392134486,30
926,STABILIZATION,-10.179709532705205,-0.9937906508208407,30
927,STABILIZATION,-5.773712154418577,-0.04947299804813537,30
928,STABILIZATION,0.5805385486785476,0.14202033492855287,30
929,STABILIZATION,-8.02119953621212,-0.1301631556129953,30
930,STABILIZATION,-4.569213829101852,0.15556698531967586,30
931,STABILIZATION,-2.6113469109069953,0.037207945529107535,30
932,STABILIZATION,-0.1973770807967194,0.16268768910856987,30
933,STABILIZATION,-7.843595065570823,-0.3256759222018859,30
934,STABILIZATION,0.5022146588030109,-1.365814432069558,30
935,STABILIZATION,10.44602915461026,0.4331063473150989,30
936,STABILIZATION,-5.648019219314933,-0.6064092373131206,30
937,STABILIZATION,-9.222287976371629,-0.16612871480048058,30
938,STABILIZATION,-4.981885686984427,-0.018972696830713637,30
939,STABILIZATION,11.440180304014131,-0.9103520778653494,30
940,STABILIZATION,-3.866725770986251,-0.07295101023785978,30
941,STABILIZATION,-1.9792178909085303,0.07196471132793215,30
942,STABILIZATION,-2.5922838587188455,0.25997110529030837,30
943,STABILIZATION,7.66633132386145,-0.062321139093293176,30
944,STABILIZATION,-5.248529868037462,-0.14490229296464407,30
945,STABILIZATION,1.1414568205110776,-0.13225002268512204,30
946,STABILIZATION,2.830748645989834,-0.3083914501969769,30
947,STABILIZATION,-2.2844783892024476,-0.05255960575890659,30
948,STABILIZATION,-18.464949727076192,-0.35019559753800455,30
949,STABILIZATION,-0.6480017920738098,0.37611270787995554,30
950,STABILIZATION,0.037430383717754034,-0.06837814252833516,30
951,STABILIZATION,15.900000362470568,-0.05240292105378064,30
952,STABILIZATION,-0.1871214915162002,-0.4460846445992022,30
953,STABILIZATION,2.6785677928190457,0.21504075823304497,30
954,STABILIZATION,2.860713895699233,-0.1541936503929583,30
955,STABILIZATION,-1.9173536012971206,-0.08579330745508201,30
956,STABILIZATION,8.327414297463083,0.4255331718571709,30
957,STABILIZATION,-5.065714516098309,-0.7913623831858291,30
958,STABILIZATION,3.449207212553456,0.05631552587745037,30
959,STABILIZATION,0.5125975004749977,-0.6310116292635736,30
960,STABILIZATION,-10.626529062188796,-1.022882491374338,30
961,STABILIZATION,-5.413668151631493,-0.5256073312478509,30
962,STABILIZATION,2.081857439715786,-0.07039091355485386,30
963,STABILIZATION,-2.105324530045578,0.13971071408732008,30
964,STABILIZATION,-13.618683625214464,-0.6751004110883627,30
965,STABILIZATION,-0.2621330260211346,-0.03544792204834919,30
966,STABILIZATION,7.017946594633059,0.19300153327070824,30
967,STABILIZATION,-3.14792670166363,-0.8318653490951253,30
968,STABILIZATION,-1.4622884490128234,-0.38354458322049145,30
969,STABILIZATION,-0.6452925582402577,-0.000922566826953127,30
970,STABILIZATION,2.220447525115285,0.12175199995095491,30
971,STABILIZATION,-8.196592650571501,-0.442024070105614,30
972,STABILIZATION,-3.690817156777212,-0.015721365378399736,30
973,STABILIZATION,-1.5907944105820386,0.1385075867499057,30
974,STABILIZATION,4.878925727889395,0.4957344755092105,30
975,STABILIZATION,5.525081279789569,0.3573988445319282,30
976,STABILIZATION,-4.487283915317518,-0.15023224475835892,30
977,STABILIZATION,4.330097798796643,0.3197669723178768,30
978,STABILIZATION,5.965356051750488,0.14776164550250837,30
979,STABILIZATION,5.470372934243885,-0.03810459285485921,30
980,STABILIZATION,4.156094040745157,-0.04410729340195297,30
981,STABILIZATION,-6.198536559653441,-0.423214356897246,30
982,STABILIZATION,12.015420530816124,0.3341630205969333,30
983,STABILIZATION,1.772042002329227,0.06953206428171035,30
984,STABILIZATION,-13.826069691984006,-0.30546758499742743,30
985,STABILIZATION,6.859596309368503,0.1082239071028504,30
986,STABILIZATION,-0.6090950822377381,-0.2722966263118268,30
987,STABILIZATION,-4.296433766598468,-0.012316019687549347,30
988,STABILIZATION,-5.8515740264993825,-0.3573175530437743,30
989,STABILIZATION,0.34291384701160665,0.17153952034528427,30
990,STABILIZATION,3.348173161459696,-0.3852298655518773,30
991,STABILIZATION,-5.4181175718447525,-0.6367282458654697,30
992,STABILIZATION,3.350070541004355,-0.042706033748154806,30
993,STABILIZATION,-7.951540675985157,-0.16596569232301822,30
994,STABILIZATION,3.5588831610422633,0.10347316104152315,30
995,STABILIZATION,0.2544795264521144,0.032030313106409906,30
996,STABILIZATION,-0.15189916310704815,-0.2858443795563411,30
997,STABILIZATION,-3.5018399398455347,0.1455155471066584,30
998,STABILIZATION,8.891608426673775,-0.3764896943790124,30
999,STABILIZATION,2.6013230917876835,0.20034136117426568,30
1000,STABILIZATION,-0.4402991512348143,-0.00906742523439098,30
1001,STABILIZATION,8.580575927666333,-0.06061375648428523,30
1002,STABILIZATION,-6.010476014508412,-0.36375928950458664,30
1003,STABILIZATION,13.482991449984128,0.2798520878355632,30
1004,STABILIZATION,5.566117376904844,0.18919503996332868,30
1005,STABILIZATION,1.1719850674476684,-0.1447930003780485,30
1006,STABILIZATION,2.9314119726860883,-0.0742457214008387,30
1007,STABILIZATION,-0.9750845727133973,0.06745705269692007,30
1008,STABILIZATION,-4.03810573189045,-0.16519057026976872,30
1009,STABILIZATION,2.4386780748439585,-0.547083426620955,30
1010,STABILIZATION,-3.9027421867511785,-0.06354185709873598,30
1011,STABILIZATION,3.6661676181814027,0.5541472953311016,30
1012,STABILIZATION,1.879062160853439,0.17619446270630082,30
1013,STABILIZATION,-4.555382533227686,-0.5852094008400798,30
1014,STABILIZATION,-3.120128975844517,-0.18845412704656686,30
1015,STABILIZATION,1.6566750489749316,0.17379440347977435,30
1016,STABILIZATION,6.449730660616995,0.37834834244056237,30
1017,STABILIZATION,2.6224348498763916,0.04390312167375225,30
1018,STABILIZATION,-1.475981321163456,0.04434743775161801,30
1019,STABILIZATION,-5.207551273496221,-0.3156075029027727,30
1020,STABILIZATION,-3.145621195234746,-0.05747422766229073,30
1021,STABILIZATION,-0.5904135262144579,-0.0383965792638844,30
1022,STABILIZATION,-2.2955683073808544,0.13528802752330252,30
1023,STABILIZATION,-3.0699467826959386,0.1336868617871632,30
1024,STABILIZATION,-6.494739231559873,-0.6724904124138298,30
1025,STABILIZATION,-0.5678679748574972,-0.0720343685168443,30
1026,STABILIZATION,4.441418803791169,0.06088609607144564,30
1027,STABILIZATION,-6.477404077137539,-0.20095550482940874,30
1028,STABILIZATION,0.3915466811932176,0.25136333399777483,30
1029,STABILIZATION,12.555586700281163,0.3957804132071469,30
1030,STABILIZATION,-0.10253606553274759,-0.10486437011514181,30
1031,STABILIZATION,-2.977476405578312,-0.16865569835516744,30
1032,STABILIZATION,6.870275361524454,-0.06461765866870699,30
1033,STABILIZATION,-0.2169080037091686,-0.010777644623049283,30
1034,STABILIZATION,-4.6861808505718825,-0.08399030806078958,30
1035,STABILIZATION,8.67207168080507,-0.11697846666844376,30
1036,STABILIZATION,-2.212694757501817,-0.7064525029141769,30
1037,STABILIZATION,8.420908582025191,0.6042487025838406,30
1038,STABILIZATION,6.2861794613961495,0.2200201389494511,30
1039,STABILIZATION,4.313623414722849,-0.2825246406776837,30
1040,STABILIZATION,-8.889678068048225,-0.4121541918321873,30
1041,STABILIZATION,-0.6639997553544139,0.07927576364776713,30
1042,STABILIZATION,-3.1566720703653375,-0.4995153092406265,30
1043,STABILIZATION,-9.25414731798865,-0.4915043950435874,30
1044,STABILIZATION,14.281152297020595,0.36132411137221787,30
1045,STABILIZATION,18.36078720345029,0.5917930069222666,30
1046,STABILIZATION,-6.40773764790095,0.16210215309764278,30
1047,STABILIZATION,-7.3680334227092255,-0.21414215973664227,30
1048,STABILIZATION,-4.023201430709159,-0.17946105254056566,30
1049,STABILIZATION,0.20455882915649184,0.16306573765845556,30
1050,STABILIZATION,9.002301827003704,0.5090103470731279,30
1051,STABILIZATION,-0.7835724072524457,0.06701873243984151,30
1052,STABILIZATION,-3.4578047698565575,-0.05818867717106097,30
1053,STABILIZATION,1.5775693282436618,0.04105728558951495,30
1054,STABILIZATION,5.406947575013689,0.06699277460722435,30
1055,STABILIZATION,-1.3901725439599066,-0.8339728999722477,30
1056,STABILIZATION,9.15568922703067,0.9246794667291618,30
1057,STABILIZATION,3.054139465454134,0.13858517265205067,30
1058,STABILIZATION,7.814936610122329,0.2305399262765916,30
1059,STABILIZATION,-9.148684445417455,-0.9693474311095943,30
1060,STABILIZATION,-2.2828044727452275,-0.23277338723492744,30
1061,STABILIZATION,-3.3474901912883444,-0.237664075395733,30
1062,STABILIZATION,-3.3055423941375426,0.28600437162538,30
1063,STABILIZATION,-0.4553474157292666,-0.024196346043982974,30
1064,STABILIZATION,5.333099216361872,0.17203702171048027,30
1065,STABILIZATION,2.267330847739986,0.016744031710328365,30
1066,STABILIZATION,-9.485982819979313,-0.16062600882202893,30
1067,STABILIZATION,10.137314168998518,0.32217418166494605,30
1068,STABILIZATION,3.3989399949830625,0.25828889752811973,30
1069,STABILIZATION,-1.4670064817259534,0.4658779379610712,30
1070,STABILIZATION,6.560887722520342,0.052878290348222244,30
1071,STABILIZATION,0.5296645581669803,0.03684430979212365,30
1072,STABILIZATION,7.620682652330879,0.495183535215315,30
1073,STABILIZATION,-0.9053073016319532,-0.5394159149801349,30
1074,STABILIZATION,6.663071979021505,-0.76819766443994,30
1075,STABILIZATION,-4.647290435881664,0.02375371218748527,30
1076,STABILIZATION,1.8904638879781648,0.14336574875442393,30
1077,STABILIZATION,9.160996398554966,0.33470495731943867,30
1078,STABILIZATION,0.784203601160697,0.11644904909487155,30
1079,STABILIZATION,-9.484790545934647,-0.4607923959100224,30
1080,STABILIZATION,3.5504989151447717,0.19529829228061352,30
1081,STABILIZATION,9.674811138542546,0.34017770268912934,30
1082,STABILIZATION,0.11710805336514538,-1.1800867768513774,30
1083,STABILIZATION,7.52494852602289,0.5415619941760939,30
1084,STABILIZATION,-2.7166896532170854,-0.40221734561387695,30
1085,STABILIZATION,-4.1881309890645095,-0.25050700191300346,30
1086,STABILIZATION,-4.261670255417218,0.15859270088641045,30
1087,STABILIZATION,-3.434281602168595,0.1878014780164158,30
1088,STABILIZATION,6.837893236624209,-0.08512315741077149,30
1089,STABILIZATION,-1.9426458964483349,-0.15739860666672115,30
1090,STABILIZATION,-2.1017450060688243,0.290196752836078,30
1091,STABILIZATION,2.719511900310769,0.24388121190095985,30
1092,STABILIZATION,-1.2428232123800846,0.15996014892300403,30
1093,STABILIZATION,1.602793252487543,0.049691024664352906,30
1094,STABILIZATION,-0.0551675410467366,0.07898371771923383,30
1095,STABILIZATION,9.85702304390244,0.39388889829293444,30
1096,STABILIZATION,-9.863471360052333,-1.3673482702429722,30
1097,STABILIZATION,-1.5066197425209336,0.21521616107131772,30
1098,STABILIZATION,7.79214136209221,0.12363813306890963,30
1099,STABILIZATION,-6.454198244205756,-0.20342083534605576,30
1100,STABILIZATION,4.258874419054458,0.23114622061288906,30
1101,STABILIZATION,-3.9148938252384586,-0.12270314863163691,30
1102,STABILIZATION,-6.010716375181932,-0.04953020894421278,30
1103,STABILIZATION,2.215476516577906,0.28128991538610554,30
1104,STABILIZATION,-3.416960384907054,-0.0444115095595268,30
1105,STABILIZATION,-6.592923516657366,-0.20364678017790175,30
1106,STABILIZATION,7.737687281359474,0.29001164408341573,30
1107,STABILIZATION,-10.226709235730265,-0.50364997207587,30
1108,STABILIZATION,-0.642982394034805,-0.042638560352074015,30
1109,STABILIZATION,11.622775020740338,0.3326571022440712,30
1110,STABILIZATION,-2.3943697297520887,-0.23198744863884624,30
1111,STABILIZATION,-14.685628551709682,-0.7656772903126767,30
1112,STABILIZATION,-1.479168923758863,0.10362471856528095,30
1113,STABILIZATION,-5.625960273199268,-0.08051820064947955,30
1114,STABILIZATION,4.847239536549288,0.12403092994036674,30
1115,STABILIZATION,9.943382852921724,-0.18153640137270272,30
1116,STABILIZATION,-11.598161499639529,0.3162875904437598,30
1117,STABILIZATION,5.816403975025398,0.18048105450598362,30
1118,STABILIZATION,6.856246483079471,0.03263365467421918,30
1119,STABILIZATION,0.6567316399651776,0.20744723962962214,30
1120,STABILIZATION,6.399826847909652,0.0747705764253031,30
1121,STABILIZATION,10.490969357218088,0.28266921732800226,30
1122,STABILIZATION,-5.597022289527434,-0.9275143241064344,30
1123,STABILIZATION,-9.786442781127526,-0.502090162190205,30
1124,STABILIZATION,1.3434047868765129,0.04056855240901659,30
1125,STABILIZATION,-1.3439066148639427,-0.2733368131516134,30
1126,STABILIZATION,-9.30370157874029,-0.22324879764845343,30
1127,STABILIZATION,-6.0724672164664995,-0.1883436260420619,30
1128,STABILIZATION,10.418470024969622,-0.5456502738351683,30
1129,STABILIZATION,-6.098490001903812,-0.3013402891104541,30
1130,STABILIZATION,-14.080857395309266,-0.9389011888162702,30
1131,STABILIZATION,-7.676213244486393,0.09106461257115346,30
1132,STABILIZATION,-5.323455254942723,0.17981210291136598,30
1133,STABILIZATION,-4.423976420876101,-0.026248164199180614,30
1134,STABILIZATION,-6.817029938629585,-0.0411975082747914,30
1135,STABILIZATION,-3.037317152423451,-0.016938265798807542,30
1136,STABILIZATION,-14.101622109199328,-1.266193636537948,30
1137,STABILIZATION,4.242053724918445,0.32698517496137997,30
1138,STABILIZATION,-4.423642641442713,-0.012987920330793065,30
1139,STABILIZATION,-0.1773153319351218,-0.34980505694058095,30
1140,STABILIZATION,1.2075993109769585,0.2427961411080479,30
1141,STABILIZATION,-15.548404652254447,-0.51234984581959,30
1142,STABILIZATION,6.592090763761946,0.10635312740290696,30
1143,STABILIZATION,-6.296506605304802,-0.23441607939869435,30
1144,STABILIZATION,1.4284395259253932,0.2754787961087347,30
1145,STABILIZATION,5.494460041234814,0.02576638256110731,30
1146,STABILIZATION,-0.04408301733829975,-0.13819138669633002,30
1147,STABILIZATION,-5.553983590784936,0.18192473055749622,30
1148,STABILIZATION,4.933202722071232,0.0630011466909304,30
1149,STABILIZATION,-4.595346941487036,-0.4432511022830109,30
1150,STABILIZATION,-3.686766987072349,0.009641976628286298,30
1151,STABILIZATION,1.833414974315121,-0.24664382511056798,30
1152,STABILIZATION,-3.249148386233677,0.011800528467205829,30
1153,STABILIZATION,-1.2953933391112948,-0.06395225737047976,30
1154,STABILIZATION,2.768247159641552,0.08863047785712895,30
1155,STABILIZATION,1.873913288309534,0.0387226587208201,30
1156,STABILIZATION,-1.2225530878788773,-0.45266804211604683,30
1157,STABILIZATION,-10.832439383367028,-0.6257015726410439,30
1158,STABILIZATION,-3.592757319967031,0.1282084070615298,30
1159,STABILIZATION,-14.442492013098096,-0.2848900189453829,30
1160,STABILIZATION,0.4504099826084156,0.12660433791991407,30
1161,STABILIZATION,-3.734245989489752,-0.047655686434405216,30
1162,STABILIZATION,11.610251795850699,0.30534947018415803,30
1163,STABILIZATION,5.819496442519557,0.39793282059514123,30
1164,STABILIZATION,1.3979087130216907,0.7152610452805666,30
1165,STABILIZATION,-4.401773218716548,-0.546656227630329,30
1166,STABILIZATION,12.516708858365206,-0.05266335376690391,30
1167,STABILIZATION,7.532742741379367,0.4215066336895165,30
1168,STABILIZATION,12.115867076237004,0.29780828649468966,30
1169,STABILIZATION,1.7356247719860602,0.04339214691351059,30
1170,STABILIZATION,7.123437286177519,-0.04581848165847942,30
1171,STABILIZATION,-6.83584977701558,-0.2953193071018429,30
1172,STABILIZATION,-2.8579270396989873,-0.4888842148368357,30
1173,STABILIZATION,-6.232177195987487,-0.4254697516450325,30
1174,STABILIZATION,-3.487072750465263,-0.2244304860799741,30
1175,STABILIZATION,-3.067002370803203,0.14026357798377512,30
1176,STABILIZATION,5.283078901046759,0.19182733584554496,30
1177,STABILIZATION,-10.324401085054772,-0.18578633391960514,30
1178,STABILIZATION,7.80145679952667,0.25120067854627626,30
1179,STABILIZATION,6.102298026776797,0.2044568397980468,30
1180,STABILIZATION,-10.651158421649384,-0.46027471478283083,30
1181,STABILIZATION,15.778612546183574,0.8366977185225527,30
1182,STABILIZATION,-6.776145666609095,-1.0936351488002798,30
1183,STABILIZATION,9.987941159717279,0.41727001587486734,30
1184,STABILIZATION,3.2799221979470947,-0.5885077835695581,30
1185,STABILIZATION,8.933817750516768,0.16126964542942362,30
1186,STABILIZATION,-5.0922483430851795,0.041397325172720684,30
1187,STABILIZATION,-2.492704015827596,-0.012519603844420368,30
1188,STABILIZATION,-0.4996491802413926,0.02063415522168614,30
1189,STABILIZATION,-4.435084799042663,-0.04424936822039476,30
1190,STABILIZATION,3.1968402990961136,0.030819192747805105,30
1191,STABILIZATION,2.601545187415813,-0.76141651674511,30
1192,STABILIZATION,-0.9005248780365911,-0.6742659406669239,30
1193,STABILIZATION,-0.24791539483919947,0.41419972626991114,30
1194,STABILIZATION,13.516783960544563,0.1689446585329385,30
1195,STABILIZATION,7.809914544597343,0.4756311961322702,30
1196,STABILIZATION,3.66845165286147,0.0652544332519611,30
1197,STABILIZATION,6.368386151915766,0.3135636089821484,30
1198,STABILIZATION,-3.7640046652953663,-0.009654212354361405,30
1199,STABILIZATION,-3.2231629426971184,0.04827218672742865,30
1200,STABILIZATION,0.6314026809136989,0.09846518949832722,30
1201,STABILIZATION,-7.402091547270629,-0.27975469070096914,30
1202,STABILIZATION,7.093023576930573,-0.7267597669668788,30
1203,STABILIZATION,5.4728398893013726,0.1577204968456637,30
1204,STABILIZATION,-0.5747984905408536,-0.16665787791365788,30
1205,STABILIZATION,-12.15626935103653,-0.47350758557290945,30
1206,STABILIZATION,1.7528709096782895,0.2534481693177283,30
1207,STABILIZATION,5.49048508335855,-0.15056334496495496,30
1208,STABILIZATION,-2.0688934701280375,-0.03295059916031159,30
1209,STABILIZATION,-11.193230137654469,-0.51310876088716,30
1210,STABILIZATION,-6.610280232695764,-0.27557131437858523,30
1211,STABILIZATION,-9.817794721908813,-0.23643060076701727,30
1212,STABILIZATION,4.223364413758555,-0.11858371815610848,30
1213,STABILIZATION,-10.878431461259774,-0.3088036746264322,30
1214,STABILIZATION,-6.035543517470966,-0.1643014714406221,30
1215,STABILIZATION,-0.04424700267344752,0.08901930417890239,30
1216,STABILIZATION,7.741551389805746,0.18449635467917103,30
1217,STABILIZATION,9.972114099705633,0.6568450910243124,30
1218,STABILIZATION,3.4085922763949092,0.334587918373031,30
1219,STABILIZATION,6.880556279733276,0.18788657039723775,30
1220,STABILIZATION,1.7515435842419738,0.12555425889913324,30
1221,STABILIZATION,-4.8048529875930885,-0.03826864557554927,30
1222,STABILIZATION,-5.308196556594445,-0.292341641833117,30
1223,STABILIZATION,-12.010940505047358,-1.5815602743645778,30
1224,STABILIZATION,1.2330962975094277,-0.17554395215075974,30
1225,STABILIZATION,-14.529780033901607,-0.23957240568139054,30
1226,STABILIZATION,-3.5302837716039974,-0.38476533892737746,30
1227,STABILIZATION,-11.364913986477502,-0.31986223684879195,30
1228,STABILIZATION,-3.171644127563288,0.2854387668883143,30
1229,STABILIZATION,-3.00325129595948,0.195973788424741,30
1230,STABILIZATION,5.868197026869623,0.5369366688086913,30
1231,STABILIZATION,2.5405333311823544,0.03478846382484665,30
1232,STABILIZATION,-12.729036193502578,-0.28406074739208287,30
1233,STABILIZATION,1.177617400182037,-0.3858153086280492,30
1234,STABILIZATION,2.3570579240755585,0.22983981739117496,30
1235,STABILIZATION,0.5862564127666268,-0.12934506572177923,30
1236,STABILIZATION,8.963289258798833,-0.3076186808876074,30
1237,STABILIZATION,-2.7848989104259116,0.08785024352324675,30
1238,STABILIZATION,-6.141473772104246,0.24551451740923494,30
1239,STABILIZATION,-7.68998187631965,-0.08748829100207711,30
1240,STABILIZATION,0.06397701770033556,0.24386484453225032,30
1241,STABILIZATION,-0.5950134370366319,-0.4908466056444618,30
1242,STABILIZATION,1.9579398236150136,0.06375611206570157,30
1243,STABILIZATION,5.348138767325195,-0.368399317342627,30
1244,STABILIZATION,-0.3102246175317629,-0.7254563008883819,30
1245,STABILIZATION,-6.71664933916409,-0.4774353889393287,30
1246,STABILIZATION,0.2461332504151682,0.38142421952006167,30
1247,STABILIZATION,-0.9243763187990982,-0.3748928395755088,30
1248,STABILIZATION,5.961519990837414,-0.8033018802541813,30
1249,STABILIZATION,6.2569756832784575,0.07362516452261518,30
1250,STABILIZATION,6.8672430472915424,-0.08204648834497341,30
1251,STABILIZATION,-4.316866278137587,-0.7376105255449157,30
1252,STABILIZATION,-3.5418608018769744,-0.2759326517152767,30
1253,STABILIZATION,-10.239044855048105,0.10001397156232687,30
1254,STABILIZATION,-3.47704456296799,-0.09262185703940287,30
1255,STABILIZATION,4.074159073717948,0.08756115374540976,30
1256,STABILIZATION,0.7105938262530999,0.01347266218771343,30
1257,STABILIZATION,-8.8269497160345,-0.24433163658948828,30
1258,STABILIZATION,-9.45294748030127,-0.17428341892205043,30
1259,STABILIZATION,-9.587630541099582,-0.23195676390570844,30
1260,STABILIZATION,7.64882244231162,0.4446553745182705,30
1261,STABILIZATION,-0.29570765400135773,-0.3208271781762692,30
1262,STABILIZATION,-0.10381800559087975,0.285604391608356,30
1263,STABILIZATION,2.4533629672498902,-0.0027237465761400514,30
1264,STABILIZATION,-0.7719335845316246,-0.20479751610606917,30
1265,STABILIZATION,-8.942439430097304,-0.7100017453239598,30
1266,STABILIZATION,-7.160666799441644,-0.8542988076982447,30
1267,STABILIZATION,-4.990774589906092,-0.26342757800664535,30
1268,STABILIZATION,-7.00964177010132,-0.13946818200161903,30
1269,STABILIZATION,4.360301349272405,0.30751545949286563,30
1270,STABILIZATION,1.1931841672984935,0.26690386122980186,30
1271,STABILIZATION,4.021952310480466,-0.003287862424246494,30
1272,STABILIZATION,-0.48308484511573824,-0.07951487185621679,30
1273,STABILIZATION,11.9800253539971,0.3996726832042526,30
1274,STABILIZATION,1.3510873341757104,-0.17511982585081576,30
1275,STABILIZATION,2.591430412723723,-0.0363253328931723,30
1276,STABILIZATION,-3.7363063373058107,-0.40035012512590595,30
1277,STABILIZATION,-8.328005791209575,-0.554537485739129,30
1278,STABILIZATION,-5.264511330694578,-0.6780151315618731,30
1279,STABILIZATION,7.550429496648186,0.45033428387687274,30
1280,STABILIZATION,-11.664817642845852,-0.4551936011883618,30
1281,STABILIZATION,12.702247491130363,0.4722625490456912,30
1282,STABILIZATION,0.19537684293093402,0.14920759295058197,30
1283,STABILIZATION,6.442409086821039,-0.5267844978901051,30
1284,STABILIZATION,-13.940559956312518,-0.8412308204841834,30
1285,STABILIZATION,4.604937075119207,0.01731569885525547,30
1286,STABILIZATION,12.012823577182148,0.5839548553388914,30
1287,STABILIZATION,-5.118514150606175,-0.06170855022283961,30
1288,STABILIZATION,4.613040875053371,0.09464086822637764,30
1289,STABILIZATION,0.011653093595944044,-0.1050248483565632,30
1290,STABILIZATION,3.187113040003296,0.29318872786687156,30
1291,STABILIZATION,-1.4161824070047064,-0.06774325836737637,30
1292,STABILIZATION,-9.123106270417576,-0.0957498438600575,30
1293,STABILIZATION,4.126021100797389,-0.16818526708497392,30
1294,STABILIZATION,-3.2403127154711697,-0.6384856026867687,30
1295,STABILIZATION,-20.44831132031961,-1.457897850195834,30
1296,STABILIZATION,-3.961061739278535,-0.39716907264733947,30
1297,STABILIZATION,9.359711783117607,-0.5359135047386803,30
1298,STABILIZATION,5.902312560199611,0.07547210423028693,30
1299,STABILIZATION,-5.216164614684817,0.1587068988584421,30
1300,STABILIZATION,-4.081502877797679,0.2902634361851579,30
1301,STABILIZATION,5.894174036026025,0.16354714689912475,30
1302,STABILIZATION,-1.8949022821363009,-0.07447231462488875,30
1303,STABILIZATION,-20.518324646160476,-0.4786256724819197,30
1304,STABILIZATION,0.08483046036919208,-0.07633436474660452,30
1305,STABILIZATION,0.10165297831465292,-0.1276595915263545,30
1306,STABILIZATION,-0.14782768379263903,-0.21032503660603802,30
1307,STABILIZATION,12.9314283594442,-0.01583063834731607,30
1308,STABILIZATION,2.5653759988082294,0.09407616947547716,30
1309,STABILIZATION,-2.302549290435323,0.1515875087747981,30
1310,STABILIZATION,-14.836982994615703,-0.4223054775187935,30
1311,STABILIZATION,2.5433824378684693,-0.4883020803585386,30
1312,STABILIZATION,0.48178054150065036,0.3438373526409096,30
1313,STABILIZATION,-10.208476440556417,-0.20332318379875158,30
1314,STABILIZATION,5.752988096899082,0.05257436637358434,30
1315,STABILIZATION,-1.6792843660804118,0.08538321455476021,30
1316,STABILIZATION,-1.9376948677458021,-0.4052743390990283,30
1317,STABILIZATION,3.1119981374730035,-0.3949018309724244,30
1318,STABILIZATION,2.140991956444881,-0.03536673569059271,30
1319,STABILIZATION,-2.873381188768213,-0.1103245966176163,30
1320,STABILIZATION,7.062318314721728,0.4502239519323665,30
1321,STABILIZATION,-0.3030271633511992,-0.03913834207303343,30
1322,STABILIZATION,-2.4126127667429706,-0.07823048792526441,30
1323,STABILIZATION,2.646840917504723,0.3370446141157964,30
1324,STABILIZATION,-5.2137014539348865,-0.42333249990308736,30
1325,STABILIZATION,13.26632381966501,0.23710236933231457,30
1326,STABILIZATION,0.03957459291526074,0.12186601193839017,30
1327,STABILIZATION,3.4058844822565466,-0.4167909415401964,30
1328,STABILIZATION,-5.289911938771959,-0.5848086994399571,30
1329,STABILIZATION,13.339360853487866,0.26882115692253195,30
1330,STABILIZATION,10.525407689369466,0.33459873521972944,30
1331,STABILIZATION,8.033688271172494,-0.5043321269864254,30
1332,STABILIZATION,7.822685400236064,-0.16024879454310803,30
1333,STABILIZATION,-9.551503695224074,-1.034042980841768,30
1334,STABILIZATION,-13.291754469422504,-0.3249803864525376,30
1335,STABILIZATION,12.384982494334967,0.7051157753055518,30
1336,STABILIZATION,-5.730267626900196,0.08997433013547562,30
1337,STABILIZATION,-8.563664545632996,0.058676972711185785,30
1338,STABILIZATION,10.385400520011522,-0.12458667745141026,30
1339,STABILIZATION,-10.967426623107796,-0.7885410413593746,30
1340,STABILIZATION,2.3047212465947484,-0.03826515609270985,30
1341,STABILIZATION,1.4950640990126962,0.20603980327450688,30
1342,STABILIZATION,-12.076957493830136,-0.6464458477612147,30
1343,STABILIZATION,-3.2459439412671465,-0.26756390785737943,30
1344,STABILIZATION,-1.521149396300953,0.3484813078940076,30
1345,STABILIZATION,-0.20968800051679562,-0.2112555109365392,30
1346,STABILIZATION,5.943765394130429,-0.06743480642760957,30
1347,STABILIZATION,-9.163365363588449,-0.8567236646551514,30
1348,STABILIZATION,4.849060967163275,0.057477539659526074,30
1349,STABILIZATION,4.412527398325871,-0.3766304217421481,30
1350,STABILIZATION,-5.426263077588058,-0.7828251328072848,30
1351,STABILIZATION,9.922799084926284,-0.3850837806529225,30
1352,STABILIZATION,-6.731377087990329,-0.4587031892747981,30
1353,STABILIZATION,2.6735607963695487,0.4167545474106931,30
1354,STABILIZATION,-2.112102569330821,0.2995509478732966,30
1355,STABILIZATION,-5.628025461590565,-0.14868418158449662,30
1356,STABILIZATION,3.368630502000636,0.28828050279300743,30
1357,STABILIZATION,0.09492432814322703,0.2679866643125565,30
1358,STABILIZATION,-6.2631007858387004,-0.5610956026722475,30
1359,STABILIZATION,-0.6630433829797265,0.10934672089673764,30
1360,STABILIZATION,15.912018718424056,0.12018801315868899,30
1361,STABILIZATION,7.869423246876865,0.01688894716877464,30
1362,STABILIZATION,-1.9290089716038537,-0.22215864810108849,30
1363,STABILIZATION,-2.002090117798026,-0.6789859448032632,30
1364,STABILIZATION,0.1571222155246788,-0.260226249916552,30
1365,STABILIZATION,0.4000259369572181,0.24533586993999343,30
1366,STABILIZATION,-6.918464288280196,-0.3021707031219765,30
1367,STABILIZATION,6.708514343652585,-0.5000023306594986,30
1368,STABILIZATION,10.147472556679526,0.00927543363574559,30
1369,STABILIZATION,-3.0133676375106804,0.05242407018675769,30
1370,STABILIZATION,2.2496248204114537,0.06667994052543084,30
1371,STABILIZATION,-9.079236617425662,-0.38787759208693656,30
1372,STABILIZATION,-11.154836103048844,-0.9418468913970395,30
1373,STABILIZATION,4.286144978499448,-0.31412632405752394,30
1374,STABILIZATION,2.581633725876228,-0.31711802184679777,30
1375,STABILIZATION,-3.4274542985612193,-0.05814949434222415,30
1376,STABILIZATION,-5.814140535303957,-0.1811313978418179,30
1377,STABILIZATION,8.919214954029858,0.42819544476830707,30
1378,STABILIZATION,6.990739473908258,-0.10578433648298126,30
1379,STABILIZATION,-13.84668036238721,-0.49459403592562734,30
1380,STABILIZATION,-6.602570843432977,-0.29816444846660406,30
1381,STABILIZATION,5.04737926084846,0.1749594061326825,30
1382,STABILIZATION,9.58308256322096,0.32795275176887245,30
1383,STABILIZATION,-8.34802706255205,-0.0973087042540313,30
1384,STABILIZATION,8.776528948545694,0.5064950561805335,30
1385,STABILIZATION,-0.8461136072027968,0.35826521441426873,30
1386,STABILIZATION,0.7297746686561768,-0.07451999471080403,30
1387,STABILIZATION,-2.253982803641885,0.06757312235113443,30
1388,STABILIZATION,-1.5010211790720343,-0.26746051552699596,30
1389,STABILIZATION,14.2648587801819,0.13733363276744978,30
1390,STABILIZATION,7.559983670377537,0.4089591250218743,30
1391,STABILIZATION,3.4118861442944675,0.2562325840928754,30
1392,STABILIZATION,-4.77225688060459,-0.5718710742611192,30
1393,STABILIZATION,-7.609180712008297,-0.05817259527563205,30
1394,STABILIZATION,-1.5493401629064771,-0.651932085090489,30
1395,STABILIZATION,4.861251899214858,0.059324056465267165,30
1396,STABILIZATION,5.508388824901641,0.543450145957848,30
1397,STABILIZATION,11.26697121287805,0.17069527712245708,30
1398,STABILIZATION,-0.19392797763223127,0.06274626380724593,30
1399,STABILIZATION,1.4440930388645945,-0.04320142609865523,30
1400,STABILIZATION,-3.2975033857406677,-0.05354628109819173,30
1401,STABILIZATION,-1.9225416119236918,0.17129984074290838,30
1402,STABILIZATION,2.958321811038987,-0.24185050338433134,30
1403,STABILIZATION,-2.100526389721701,-0.16156768165624807,30
1404,STABILIZATION,-9.011495749026171,-0.19613789075360877,30
1405,STABILIZATION,-7.049087442518681,0.02052597814189703,30
1406,STABILIZATION,-5.727011950208052,-0.058330565653654604,30
1407,STABILIZATION,-3.0448801786907134,0.16280726022171332,30
1408,STABILIZATION,-5.143121263553181,-0.05167731835393431,30
1409,STABILIZATION,5.44504280451178,0.3915971850249572,30
1410,STABILIZATION,8.32700079331861,0.16308156097513565,30
1411,STABILIZATION,1.6577348007513453,-0.10611778804075746,30
1412,STABILIZATION,-4.744346259855082,-0.44952940625650223,30
1413,STABILIZATION,-7.287620055959651,-0.1379663305901697,30
1414,STABILIZATION,4.94462564239859,0.06870150926489914,30
1415,STABILIZATION,-6.301276987653951,-0.6762522628972018,30
1416,STABILIZATION,5.370466901053514,0.37069949823730514,30
1417,STABILIZATION,-4.83141454971241,0.06620923117390297,30
1418,STABILIZATION,-6.038719197438733,-0.3806331136217922,30
1419,STABILIZATION,-7.276729984818985,-0.1762203394299786,30
1420,STABILIZATION,7.138275055655127,0.06568069179747603,30
1421,STABILIZATION,10.936082367716482,0.32169050398271487,30
1422,STABILIZATION,-0.2382436909121404,0.11814529004220356,30
1423,STABILIZATION,-13.529973015443337,-0.3409763240463023,30
1424,STABILIZATION,2.7128969690911733,0.36200416513589734,30
1425,STABILIZATION,-7.117542288072804,-0.47936386135101794,30
1426,STABILIZATION,-3.3150198241770688,-0.07259024331087376,30
1427,STABILIZATION,-4.319470321865998,-0.00877107518469072,30
1428,STABILIZATION,3.988052156549448,-0.06506860098530425,30
1429,STABILIZATION,6.4628213926519535,0.22783296568925301,30
1430,STABILIZATION,-1.788601569454874,0.028052811276271208,30
1431,STABILIZATION,-15.586861681743631,-0.8710922930537978,30
1432,STABILIZATION,-4.574959516321792,-0.27862875287661537,30
1433,STABILIZATION,-0.9035377180697146,-0.34434946601963395,30
1434,STABILIZATION,5.315872861605442,0.08467274830718256,30
1435,STABILIZATION,7.661690697800993,0.4735662846470464,30
1436,STABILIZATION,-3.27758556963034,0.048462682555163464,30
1437,STABILIZATION,-6.26963960995374,-0.007799738170618002,30
1438,STABILIZATION,-4.305197056595747,-0.08741886481993891,30
1439,STABILIZATION,8.205783255973076,0.3940338179577161,30
1440,STABILIZATION,4.997195469512887,0.33225404173384115,30
1441,STABILIZATION,0.7481872840929689,-0.6283227684607174,30
1442,STABILIZATION,2.2796636832060067,0.03561464891009723,30
1443,STABILIZATION,4.3970469052442285,0.524561416274134,30
1444,STABILIZATION,3.847159366126631,0.4122119300709736,30
1445,STABILIZATION,1.5906369055120182,0.03263407987026697,30
1446,STABILIZATION,10.906844340274352,0.4242992592398816,30
1447,STABILIZATION,-3.585608538036163,-0.06766139173920763,30
1448,STABILIZATION,1.6719923519964286,-0.4145935927999227,30
1449,STABILIZATION,-15.283877533068127,-0.48362839080491393,30
1450,STABILIZATION,9.373743703962656,0.5463282548299213,30
1451,STABILIZATION,1.9527545488439526,-0.3523983524749684,30
1452,STABILIZATION,-1.4935189832432534,-0.13200751906459723,30
1453,STABILIZATION,-3.6645350895092026,-0.3457615907577415,30
1454,STABILIZATION,6.039497328975947,0.2147814621839877,30
1455,STABILIZATION,2.5855608184479033,-0.24712394227835682,30
1456,STABILIZATION,-5.160454945550366,-0.37172177752308094,30
1457,STABILIZATION,6.102452076405887,0.41447710829238427,30
1458,STABILIZATION,3.907412228572544,0.3797352677210675,30
1459,STABILIZATION,5.304009461437992,0.42069074986802163,30
1460,STABILIZATION,-9.754063314628395,-0.2688631706046711,30
1461,STABILIZATION,2.3627576101564247,-0.8399415811442947,30
1462,STABILIZATION,1.3954858639717997,-0.2178852153432537,30
1463,STABILIZATION,7.491715311518899,-0.08987853438131452,30
1464,STABILIZATION,-8.506874420613865,-0.6712587269970336,30
1465,STABILIZATION,3.966637195806242,0.36247433053778927,30
1466,STABILIZATION,4.348249177933965,0.25087787520556104,30
1467,STABILIZATION,7.447273097724049,-0.18130538404169802,30
1468,STABILIZATION,7.199346212072495,0.39141276131197,30
1469,STABILIZATION,-4.592910291212923,-0.9376514645202875,30
1470,STABILIZATION,1.435511241422121,-0.058334291222464106,30
1471,STABILIZATION,4.89484336922482,-0.22752574131707046,30
1472,STABILIZATION,1.7762390816565756,-0.06522239260862922,30
1473,STABILIZATION,-5.562468741762584,-0.06476679445287767,30
1474,STABILIZATION,-7.984693165887482,0.03385807949835525,30
1475,STABILIZATION,5.4010632078394085,-0.47361352508102883,30
1476,STABILIZATION,-6.837323554306283,-0.3326953439796422,30
1477,STABILIZATION,0.9788224093487327,-0.0040799328382256006,30
1478,STABILIZATION,-7.0085656636289455,-0.6439630179216754,30
1479,STABILIZATION,0.27693734285394744,0.15641067631175723,30
1480,STABILIZATION,-0.47120806097120427,0.09190881214066778,30
1481,STABILIZATION,3.8889492740380924,-1.8065714630085843,30
1482,STABILIZATION,0.4677742807164014,0.46370650672565117,30
1483,STABILIZATION,6.643659664490261,-0.1345007079630725,30
1484,STABILIZATION,-10.70572433205863,-0.08480194032715449,30
1485,STABILIZATION,-16.599105047750957,-0.36251600013490076,30
1486,STABILIZATION,-15.60660859720035,-0.5056433977166288,30
1487,STABILIZATION,0.7231821395270874,-0.3606446911383119,30
1488,STABILIZATION,0.3433711875628074,-0.15985227858889542,30
1489,STABILIZATION,-8.911955276774485,-0.6154471478725002,30
1490,STABILIZATION,-3.9733091385059964,0.20435339329673086,30
1491,STABILIZATION,4.453173680828522,0.036090739708093726,30
1492,STABILIZATION,-3.8080128768168935,0.10685029195197128,30
1493,STABILIZATION,10.479316680970811,0.10877915369267308,30
1494,STABILIZATION,6.367669758790448,-0.05428572402111801,30
1495,STABILIZATION,-2.105683288499441,-0.30558830875226073,30
1496,STABILIZATION,0.8806340496788159,-0.10023030975118416,30
1497,STABILIZATION,3.1749031006314588,-0.5752964570938481,30
1498,STABILIZATION,-8.202031588706824,-1.0435958577618534,30
1499,STABILIZATION,-6.567061068603827,-0.15660692365268805,30
1500,STABILIZATION,2.03035919317731,0.12425299009428836,30
1501,STABILIZATION,4.428878065736211,0.3105067369761619,30
1502,STABILIZATION,-3.5707182096594243,-0.30633296706932084,30
1503,STABILIZATION,2.2873013402124887,0.5761168933583841,30
1504,STABILIZATION,4.277165782693778,0.4933256534949074,30
1505,STABILIZATION,-7.029184755701985,-0.19935008746253077,30
1506,STABILIZATION,-0.11768151448842941,0.22091568572740605,30
1507,STABILIZATION,-8.435643706695876,-0.28109301847627394,30
1508,STABILIZATION,-7.6431292123824095,-0.6353726620062563,30
1509,STABILIZATION,12.159509781779354,0.21848300513481045,30
1510,STABILIZATION,1.7344683311071418,-0.060273064270833156,30
1511,STABILIZATION,-4.385880216934694,-0.30821021366713386,30
1512,STABILIZATION,4.133968703077241,0.18400221560917268,30
1513,STABILIZATION,-1.645708321980884,-0.025692288889275956,30
1514,STABILIZATION,3.168154331388222,0.17984563778035986,30
1515,STABILIZATION,0.48891841113345397,0.0008017772206563227,30
1516,STABILIZATION,-3.885896001916559,-0.25064454987434487,30
1517,STABILIZATION,-1.0514292551709465,0.40430250355901093,30
1518,STABILIZATION,3.542685286499922,0.3053640173758438,30
1519,STABILIZATION,6.822185134657535,0.19373109061685448,30
1520,STABILIZATION,0.07522952481298625,-0.05558370470898777,30
1521,STABILIZATION,6.332825641961297,0.18781425490228465,30
1522,STABILIZATION,-3.3909680665258755,-0.03197858372579967,30
1523,STABILIZATION,-1.6631270750733007,-0.7313779251632693,30
1524,STABILIZATION,-7.572245472507378,-0.275858097357338,30
1525,STABILIZATION,-14.436952334715613,-0.6930747037448002,30
1526,STABILIZATION,-3.8709103790872965,0.05809023093902196,30
1527,STABILIZATION,4.3541437183652825,0.2526227804211698,30
1528,STABILIZATION,-2.118573719657745,-0.4792989735665923,30
1529,STABILIZATION,7.520634718832414,0.3614577621739267,30
1530,STABILIZATION,1.8844475381399137,-0.2527108205818296,30
1531,STABILIZATION,1.1813113085469937,0.12720583811639932,30
1532,STABILIZATION,-2.4258830633607418,-0.24670333470674866,30
1533,STABILIZATION,-2.4350668419672843,-0.0923487437045373,30
1534,STABILIZATION,-2.9669167676049417,0.11528097324880172,30
1535,STABILIZATION,-0.911350196787493,0.14325649854682657,30
1536,STABILIZATION,0.20765138705254016,-0.013191224522157218,30
1537,STABILIZATION,-1.3320266794366098,-0.41235430775905774,30
1538,STABILIZATION,9.515557607402313,0.6023059569640329,30
1539,STABILIZATION,-0.9456365166182203,0.38029376939520265,30
1540,STABILIZATION,-7.995534634766943,-0.11347032130941474,30
1541,STABILIZATION,-2.009939902064261,-0.0747500369399999,30
1542,STABILIZATION,-3.438265421449886,-0.6831980153050619,30
1543,STABILIZATION,-18.948133314540197,-1.2891945108084495,30
1544,STABILIZATION,-6.966627259492876,-0.5055066025627954,30
1545,STABILIZATION,9.097751751441574,0.4641667939457938,30
1546,STABILIZATION,5.12612414739307,0.4023871075886213,30
1547,STABILIZATION,-2.9599349200763587,-0.5864721358119529,30
1548,STABILIZATION,-10.33794522632335,-0.5860670391723738,30
1549,STABILIZATION,-2.995793508397606,0.1295422099314212,30
1550,STABILIZATION,-5.957427696629995,-0.7137357893732511,30
1551,STABILIZATION,1.5643512368391805,0.1020830674053232,30
1552,STABILIZATION,-0.5381556399704833,-0.8472737417062324,30
1553,STABILIZATION,-7.24643138291704,-0.2449337360867115,30
1554,STABILIZATION,-1.8114265142958266,-0.4151313347794326,30
1555,STABILIZATION,1.858937101325524,-0.797015217210929,30
1556,STABILIZATION,-4.667439117557589,-0.08202954583707929,30
1557,STABILIZATION,-8.502284538833784,-0.1984476089037532,30
1558,STABILIZATION,1.4540101922917763,0.24625515853029328,30
1559,STABILIZATION,-0.36976891285162494,-0.10474880965662293,30
1560,STABILIZATION,2.954154234497384,0.11634820877762787,30
1561,STABILIZATION,5.959333902150322,0.20701287933977516,30
1562,STABILIZATION,2.899376845159281,0.13768255433264862,30
1563,STABILIZATION,-2.539065177575552,-0.2474272364421662,30
1564,STABILIZATION,-1.685160497665526,-0.38463604398064377,30
1565,STABILIZATION,-6.426504377525308,-0.3200245724460272,30
1566,STABILIZATION,2.8564786973378875,0.3943243323922195,30
1567,STABILIZATION,-8.525896366636415,-0.13883852071590513,30
1568,STABILIZATION,12.701562412150173,0.41924428082437404,30
1569,STABILIZATION,-4.263146707509702,-0.18678667423622827,30
1570,STABILIZATION,7.745016239341779,-0.3100878509091967,30
1571,STABILIZATION,-11.770083740639308,-0.6887630667399046,30
1572,STABILIZATION,-3.4603491973661895,-0.07145938703626593,30
1573,STABILIZATION,5.587245323990399,0.24789261099763302,30
1574,STABILIZATION,-3.629347467285103,-0.061908630034703774,30
1575,STABILIZATION,-3.960006716760746,0.11325702991002144,30
1576,STABILIZATION,3.1659273185569923,-0.34813140217344635,30
1577,STABILIZATION,-10.641217258053327,-0.4772856114237396,30
1578,STABILIZATION,8.682942528118097,-0.22971344610563468,30
1579,STABILIZATION,1.4018831969598053,-0.4076666271234287,30
1580,STABILIZATION,5.836687859860722,0.2989496313128728,30
1581,STABILIZATION,-13.64801353111232,-0.995177396812173,30
1582,STABILIZATION,-10.043086167179013,-0.7402162918537135,30
1583,STABILIZATION,-1.3985400949782694,0.21787330213460968,30
1584,STABILIZATION,6.503211751517222,0.34203515923686706,30
1585,STABILIZATION,-6.394862375362691,-0.30865545694117846,30
1586,STABILIZATION,-3.024613731705573,0.4034760344312164,30
1587,STABILIZATION,-6.943497327730316,0.3051053175893801,30
1588,STABILIZATION,-1.955860316429235,0.17234621940645722,30
1589,STABILIZATION,1.01603279560303,-0.26620028422707137,30
1590,STABILIZATION,-5.181218201301465,-0.3532237814959766,30
1591,STABILIZATION,8.609227011779998,0.5416023867113163,30
1592,STABILIZATION,-3.9344295232103104,-0.22901837738702807,30
1593,STABILIZATION,3.083548290958008,-0.046834002706009015,30
1594,STABILIZATION,7.303124809523367,0.1669876561045414,30
1595,STABILIZATION,2.041240595953752,0.06611244798579088,30
1596,STABILIZATION,-4.814369944109901,-0.01976333327912485,30
1597,STABILIZATION,-12.821999735961983,-1.3637888248261356,30
1598,STABILIZATION,5.494471088900233,-0.38005736675118684,30
1599,STABILIZATION,-6.558056962163596,-0.09455467084871318,30
1600,STABILIZATION,6.685019777770592,0.4799158768434886,30
1601,STABILIZATION,1.863885110944304,0.23716955759077313,30
1602,STABILIZATION,-0.12399919929553008,0.16047641264459925,30
1603,STABILIZATION,-3.5153977490246646,-1.1010828559383692,30
1604,STABILIZATION,6.015657986757362,0.5642869627942079,30
1605,STABILIZATION,2.6812511555744685,0.08403802831882266,30
1606,STABILIZATION,-10.497855389165824,-0.4601424463358286,30
1607,STABILIZATION,-0.2867486049186791,-0.0020409687625283133,30
1608,STABILIZATION,2.0858446463407603,-0.0745923723273723,30
1609,STABILIZATION,-0.9515311061107319,-0.12998094562655255,30
1610,STABILIZATION,-2.2575396277953796,0.2307449689758026,30
1611,STABILIZATION,-1.8039051201317409,0.19004987687405123,30
1612,STABILIZATION,-6.094959389760567,-0.2414599994547203,30
1613,STABILIZATION,2.6214751723109284,0.26207931526206435,30
1614,STABILIZATION,-0.6969299426184905,0.22295707651933186,30
1615,STABILIZATION,8.266643688738252,-0.37897696450750196,30
1616,STABILIZATION,-8.324121241831348,-0.4144216646404462,30
1617,STABILIZATION,-1.7646344502381648,-0.3203668435602303,30
1618,STABILIZATION,1.0100953921877298,0.11861668961161748,30
1619,STABILIZATION,9.786322836103993,0.6051230574846801,30
1620,STABILIZATION,-1.3668918806950383,0.0770274988153223,30
1621,STABILIZATION,-5.8067371238196674,0.14749827156724496,30
1622,STABILIZATION,-9.66102282430107,0.0037063908985323596,30
1623,STABILIZATION,-4.268364657928506,-0.7003732099856831,30
1624,STABILIZATION,0.6594385219405964,0.06922968299151705,30
1625,STABILIZATION,-3.9226842608951613,-0.02810809852652311,30
1626,STABILIZATION,-1.6300286811332454,-0.4640335524841069,30
1627,STABILIZATION,4.729036170435815,0.48300111743194113,30
1628,STABILIZATION,-4.247831444413183,0.18001681360331628,30
1629,STABILIZATION,-6.924348219906355,-0.25059209677937155,30
1630,STABILIZATION,-6.397657868700955,-0.1764316219392482,30
1631,STABILIZATION,3.2334322867327154,0.21874865991625386,30
1632,STABILIZATION,-1.0400839258768482,-0.05359626949302928,30
1633,STABILIZATION,-2.106361355746998,-0.36886441232630435,30
1634,STABILIZATION,-3.287673474324642,-0.6074633275470464,30
1635,STABILIZATION,-8.76700179948355,-0.9557278462673918,30
1636,STABILIZATION,-1.830633989768582,-0.1723573233999571,30
1637,STABILIZATION,-0.7705446189533541,0.4466069983458087,30
1638,STABILIZATION,-1.8290990609657798,0.4113564625084862,30
1639,STABILIZATION,-0.8706534186157302,0.16057513800591572,30
1640,STABILIZATION,1.226166037002119,-0.12954971504980825,30
1641,STABILIZATION,-9.228157130161646,-0.3662958872416981,30
1642,STABILIZATION,-5.414730898644517,-0.17848112361731297,30
1643,STABILIZATION,-7.57213460779454,-0.04955234938448519,30
1644,STABILIZATION,8.328369744191392,0.5574837868755108,30
1645,STABILIZATION,-2.794117431572329,0.06266064449822491,30
1646,STABILIZATION,6.837007617426238,-0.7413015957660655,30
1647,STABILIZATION,-7.920104437644328,-0.27447220381616444,30
1648,STABILIZATION,-0.7479690787970077,0.3839422321662887,30
1649,STABILIZATION,0.8757964547561838,0.16737841148646465,30
1650,STABILIZATION,-6.131903853788037,0.2254675052410979,30
1651,STABILIZATION,14.275760014244973,0.7778910116965905,30
1652,STABILIZATION,-2.265811231112123,0.2817833125701175,30
1653,STABILIZATION,9.866519115715581,0.04511027969738913,30
1654,STABILIZATION,10.061256703784492,0.49805655138453087,30
1655,STABILIZATION,2.9693196056741713,0.1222069525737806,30
1656,STABILIZATION,6.669614748567245,0.05712875367797318,30
1657,STABILIZATION,2.1057206687455814,0.3271261715782287,30
1658,STABILIZATION,-0.7270044418872075,0.03175157811784422,30
1659,STABILIZATION,-7.198432980800414,-0.3036996941614262,30
1660,STABILIZATION,5.194120570822932,-0.23156358433248828,30
1661,STABILIZATION,3.4387495997929505,-0.03333969451381509,30
1662,STABILIZATION,0.3073068799833511,0.053457238566487555,30
1663,STABILIZATION,6.286488420820298,0.07543009141441756,30
1664,STABILIZATION,6.103497311510273,0.23808391817230473,30
1665,STABILIZATION,-6.455755769667623,-0.09621845531972192,30
1666,STABILIZATION,0.4395726721017902,0.08243339951700653,30
1667,STABILIZATION,-3.303997411433033,-0.3755858880982032,30
1668,STABILIZATION,8.497420797024215,0.8907831312441481,30
1669,STABILIZATION,-1.9859322874164367,0.3024008750743014,30
1670,STABILIZATION,-4.440145291738351,-0.9618242961943053,30
1671,STABILIZATION,-0.08355824608566556,0.0982620333356382,30
1672,STABILIZATION,-12.227800183254725,-0.289034385366233,30
1673,STABILIZATION,9.593749984060633,0.4041623395109107,30
1674,STABILIZATION,-7.9837252655746855,-0.3916755233782191,30
1675,STABILIZATION,-13.057264278866866,0.0492843593689555,30
1676,STABILIZATION,-5.520769583158194,-0.005991568249296098,30
1677,STABILIZATION,3.7492354724790853,0.24444550750050534,30
1678,STABILIZATION,6.815460056128756,0.470635629747841,30
1679,STABILIZATION,-5.049951523484272,-0.32356094368350113,30
1680,STABILIZATION,-12.728563993373124,-1.1685305526710814,30
1681,STABILIZATION,5.026417664005407,0.2968290558767669,30
1682,STABILIZATION,3.536966788789103,0.28914112631342037,30
1683,STABILIZATION,12.33911317246875,0.14240381359043236,30
1684,STABILIZATION,-1.5623795208681455,-0.5383130196958306,30
1685,STABILIZATION,-11.15337941046763,-0.19829750891487224,30
1686,STABILIZATION,0.314143675698938,0.47386218678824377,30
1687,STABILIZATION,0.8628635386651645,0.2310480650408173,30
1688,STABILIZATION,3.215753082615656,0.642300930621319,30
1689,STABILIZATION,-0.9065662603216198,-0.01640356459912273,30
1690,STABILIZATION,-3.7809164355556426,0.055974020968600276,30
1691,STABILIZATION,4.557290017053088,0.2120629356726675,30
1692,STABILIZATION,7.013427757821343,0.5015232139933559,30
1693,STABILIZATION,-7.399603677352903,-0.4651204632596542,30
1694,STABILIZATION,-2.1342819580984917,-0.14198979558276031,30
1695,STABILIZATION,7.495157659744378,0.2878978790692223,30
1696,STABILIZATION,-6.740421258294244,0.08392819186018162,30
1697,STABILIZATION,-0.9637528635172575,-0.04247249445505055,30
1698,STABILIZATION,3.28466255660346,0.34236525522089706,30
1699,STABILIZATION,-2.0697057344453267,0.04715305648094169,30
1700,STABILIZATION,12.944207398002957,0.7664784923834286,30
1701,STABILIZATION,2.0806569554797725,0.36236670316867514,30
1702,STABILIZATION,-3.685825995094124,-0.5878017969694679,30
1703,STABILIZATION,-3.13462131619079,0.37906746514486406,30
1704,STABILIZATION,2.871657811988677,0.35882169119908675,30
1705,STABILIZATION,-4.191330662143853,-0.4798639164450777,30
1706,STABILIZATION,4.452565175715237,0.1933246374671973,30
1707,STABILIZATION,-0.7707065895320594,0.14036653536715343,30
1708,STABILIZATION,-4.753237630742417,0.20000918304733462,30
1709,STABILIZATION,-5.345176814038612,-0.40299966514540897,30
1710,STABILIZATION,0.9092468712323915,0.13315976251268513,30
1711,STABILIZATION,-0.36875916369194156,0.3079087504236876,30
1712,STABILIZATION,-7.863789702461843,-1.0429236055242004,30
1713,STABILIZATION,-3.4698557828443493,0.003438467929370385,30
1714,STABILIZATION,-6.729695472566545,-0.06892234926518549,30
1715,STABILIZATION,-2.153015922385874,0.022014965975939348,30
1716,STABILIZATION,-4.518714203979778,0.031025270981707643,30
1717,STABILIZATION,6.483460782922574,0.205002324458626,30
1718,STABILIZATION,-12.589824089511438,-0.7551903821179491,30
1719,STABILIZATION,-3.7943061407956797,-0.3306744977758906,30
1720,STABILIZATION,5.007835566488897,0.303402320296122,30
1721,STABILIZATION,-10.3538846375851,-0.9346994736076899,30
1722,STABILIZATION,0.4697201492748811,0.38882830035771276,30
1723,STABILIZATION,5.0660030253243695,0.23609735697168696,30
1724,STABILIZATION,-5.92666604906191,-0.18377903325472855,30
1725,STABILIZATION,8.552388868216749,0.3621997168232169,30
1726,STABILIZATION,4.76764489200795,0.08883813792318583,30
1727,STABILIZATION,4.561050147268971,0.3397434263257725,30
1728,STABILIZATION,7.694129866892576,0.23094572173931344,30
1729,STABILIZATION,-6.262263560056931,0.0925232455368952,30
1730,STABILIZATION,-2.1877653117407254,-0.1393210126305209,30
1731,STABILIZATION,-0.876723628519395,0.4535116021976981,30
1732,STABILIZATION,0.611680189960398,-0.23778340047862598,30
1733,STABILIZATION,-2.011743628480747,0.23004936716457475,30
1734,STABILIZATION,1.1736716986820623,0.18812932049361059,30
1735,STABILIZATION,-7.516509952007737,-0.6043591519342191,30
1736,STABILIZATION,2.684795946800528,-0.12850359542417708,30
1737,STABILIZATION,-0.5171131879009767,-0.284786480230573,30
1738,STABILIZATION,4.408713022726749,0.3747587780541248,30
1739,STABILIZATION,10.813853665663569,0.3295234766083784,30
1740,STABILIZATION,6.158419822624162,0.5088883900648138,30
1741,STABILIZATION,-8.58072498517699,0.13651183549155424,30
1742,STABILIZATION,7.067083797200756,0.12646030456327567,30
1743,STABILIZATION,5.4239312934748725,-0.025076059624050167,30
1744,STABILIZATION,-0.9214371632735061,0.07506442934409113,30
1745,STABILIZATION,6.788569268018125,0.6117299835857284,30
1746,STABILIZATION,-3.8238400735992903,-0.5664260974225648,30
1747,STABILIZATION,-3.3611489452301235,-0.029983056569762863,30
1748,STABILIZATION,-2.2687715520387464,0.06414569480204539,30
1749,STABILIZATION,-3.1299560968325233,-0.2582059368532621,30
1750,STABILIZATION,-4.927449863474271,0.1506519328618653,30
1751,STABILIZATION,10.307990262465237,0.4410957322614903,30
1752,STABILIZATION,7.19180606997389,0.4856086713659214,30
1753,STABILIZATION,2.8673069449745303,0.4720744270096972,30
1754,STABILIZATION,4.881295496294056,0.2563556925604516,30
1755,STABILIZATION,-2.1463738212949646,0.015110161237213433,30
1756,STABILIZATION,0.44349855571145486,0.25513968930141706,30
1757,STABILIZATION,4.175534917125148,-0.7764422700488585,30
1758,STABILIZATION,9.362589403520694,0.10381206495579197,30
1759,STABILIZATION,5.886288228855653,0.5113825217877523,30
1760,STABILIZATION,-2.753619857858188,0.1669841119106662,30
1761,STABILIZATION,-0.93326837411468,0.3652396395835217,30
1762,STABILIZATION,-12.161040051726667,-0.7879887195975253,30
1763,STABILIZATION,-7.757509080031009,-0.7380564907187889,30
1764,STABILIZATION,-2.778690209090389,-0.28655333950600936,30
1765,STABILIZATION,-1.0182405386714783,-0.09063178841184365,30
1766,STABILIZATION,-5.438510083957935,-0.15525529142307318,30
1767,STABILIZATION,1.8937786942433203,0.06939198457213121,30
1768,STABILIZATION,2.740650349787523,0.13068453373669423,30
1769,STABILIZATION,-7.492622367379587,0.11105116651888416,30
1770,STABILIZATION,-3.558525577578942,-0.09062677859493752,30
1771,STABILIZATION,-4.761741899034636,-0.32393009163524117,30
1772,STABILIZATION,11.706355807507038,0.19513733941377404,30
1773,STABILIZATION,7.691071519844377,-0.2031980433854806,30
1774,STABILIZATION,-2.73363284262691,-0.7552665222649038,30
1775,STABILIZATION,2.2577904179999666,0.2947836747217105,30
1776,STABILIZATION,1.210840021414548,0.36926245170930694,30
1777,STABILIZATION,-4.715134003728111,0.08867375255830504,30
1778,STABILIZATION,3.6859684041342113,0.23882031876470533,30
1779,STABILIZATION,-2.1541883846242476,-0.06794247827342931,30
1780,STABILIZATION,3.5180863247140866,0.3927224519533222,30
1781,STABILIZATION,8.28600747066457,0.005402201480297612,30
1782,STABILIZATION,-2.9957100268321057,0.36376127028871585,30
1783,STABILIZATION,5.664659412339097,0.048786623154007065,30
1784,STABILIZATION,-0.9864681956758892,-0.46389688124355183,30
1785,STABILIZATION,-0.46268167673682314,0.09765937724164334,30
1786,STABILIZATION,9.706314374721966,0.4588972118185906,30
1787,STABILIZATION,2.751664926751257,0.25869036917752386,30
1788,STABILIZATION,-0.5673186295625776,0.05375497650203363,30
1789,STABILIZATION,1.0987046892690067,0.1694789533613085,30
1790,STABILIZATION,5.611561554667164,0.46532672172339434,30
1791,STABILIZATION,-1.7026536150711398,-0.11363724521285525,30
1792,STABILIZATION,8.030255511307384,0.27169334911597337,30
1793,STABILIZATION,8.878982781342804,0.1379128627782202,30
1794,STABILIZATION,-8.018132582147626,-0.1674485389328282,30
1795,STABILIZATION,1.3824839473872939,-0.371622843947673,30
1796,STABILIZATION,2.0545290704215624,-1.4769125428315533,30
1797,STABILIZATION,-7.782501722833607,-0.04630504010730677,30
1798,STABILIZATION,-13.720269396743573,-0.429949651643378,30
1799,STABILIZATION,-6.570250373762007,0.17141544076833976,30
1800,STABILIZATION,1.1058736593033065,-0.026746119386418424,30
1801,STABILIZATION,-0.3783745527275776,-0.35063777979426036,30
1802,STABILIZATION,-0.30633187605561796,0.25445913196238396,30
1803,STABILIZATION,12.928153365675321,0.7066196379601237,30
1804,STABILIZATION,-5.933910678315844,-0.317269194204238,30
1805,STABILIZATION,-5.600390387078924,-0.2888144696374782,30
1806,STABILIZATION,-5.423138216546522,-0.3704934076204559,30
1807,STABILIZATION,-5.683101820180462,-0.2394041379820981,30
1808,STABILIZATION,-6.692871947687154,-0.5603722009213844,30
1809,STABILIZATION,0.6643303470307692,0.06370521068356182,30
1810,STABILIZATION,2.6524006023341036,0.12040698541929004,30
1811,STABILIZATION,-4.844035012521998,-0.35100225635092674,30
1812,STABILIZATION,0.23597865317238015,-0.05914800488484551,30
1813,STABILIZATION,-0.07219506169220749,-0.3645587708652862,30
1814,STABILIZATION,-8.184992948525574,-0.5172864366506803,30
1815,STABILIZATION,-2.6323706652333723,-0.13043969964418173,30
1816,STABILIZATION,-6.411378308154243,-0.1622957537029257,30
1817,STABILIZATION,14.362192125091667,0.4384100594977584,30
1818,STABILIZATION,-7.734766567210659,0.039099127691006194,30
1819,STABILIZATION,-6.3556562117489355,-0.09797315447009751,30
1820,STABILIZATION,-7.565941728243402,-0.8925098642012627,30
1821,STABILIZATION,2.4761271938929,0.22588088353539426,30
1822,STABILIZATION,4.965540177456328,0.31094570680355155,30
1823,STABILIZATION,7.741793947799424,0.5956365025794548,30
1824,STABILIZATION,2.0380866610518935,0.058808588296572824,30
1825,STABILIZATION,-0.8406565935543472,-0.7128176449811304,30
1826,STABILIZATION,-11.10433909039531,-0.043247816650354015,30
1827,STABILIZATION,-0.7252046618114886,-0.0029634255877875938,30
1828,STABILIZATION,-11.103247082267238,-1.1484737241790504,30
1829,STABILIZATION,-1.2260369707275711,-0.037901750959822136,30
1830,STABILIZATION,-9.705800373386214,-0.6205199342923774,30
1831,STABILIZATION,10.38706252798311,0.4014006110197724,30
1832,STABILIZATION,5.221569804378857,0.06866863744810185,30
1833,STABILIZATION,-2.7990440587282466,0.05314562023451529,30
1834,STABILIZATION,-1.5202837292122897,-0.16453032667889053,30
1835,STABILIZATION,-6.466662511926896,-0.6890556332061085,30
1836,STABILIZATION,-5.414792544067809,0.054668252955913516,30
1837,STABILIZATION,-2.9793837328629,-0.46740247427667886,30
1838,STABILIZATION,9.174016922497172,0.4538177211071281,30
1839,STABILIZATION,-7.3042834004933175,-0.8106081672562094,30
1840,STABILIZATION,3.4925410934682946,0.20978237384505422,30
1841,STABILIZATION,-2.4088276008021205,0.06081235684578322,30
1842,STABILIZATION,0.06730689301479498,-0.7923393761096248,30
1843,STABILIZATION,-3.9317967576892916,-0.07179928838992213,30
1844,STABILIZATION,-1.1905616153920064,-0.08181763210195567,30
1845,STABILIZATION,-9.588025521998889,-0.1209263915881654,30
1846,STABILIZATION,1.6029041047634132,-0.16530233175412387,30
1847,STABILIZATION,4.5315498019187395,-0.03452721709313173,30
1848,STABILIZATION,0.607374894263852,0.1710181287072155,30
1849,STABILIZATION,-1.0729529121918666,-0.6247826094062795,30
1850,STABILIZATION,-2.045090574798559,0.030223197392532195,30
1851,STABILIZATION,5.471936118230442,-0.19231190363891806,30
1852,STABILIZATION,-0.6413070348752807,-0.5130757563211648,30
1853,STABILIZATION,-6.267723135551883,-0.389357989151922,30
1854,STABILIZATION,1.8579818394590686,0.5226145525361097,30
1855,STABILIZATION,9.75312081619593,0.9710146398574481,30
1856,STABILIZATION,1.078569500477671,0.24308012274543322,30
1857,STABILIZATION,-15.06975427444626,-0.37591616267887473,30
1858,STABILIZATION,-1.996817383296237,-0.8372800086733508,30
1859,STABILIZATION,2.798736082371466,0.3458475451029924,30
1860,STABILIZATION,-3.831886174809393,-0.6051338881251828,30
1861,STABILIZATION,6.106666686434165,0.487722490567441,30
1862,STABILIZATION,5.914496770241922,-0.1036269128859692,30
1863,STABILIZATION,12.853159474444732,0.3575419074258665,30
1864,STABILIZATION,-12.46735620384622,-1.5277192787221456,30
1865,STABILIZATION,13.37176935104071,0.5508211760655964,30
1866,STABILIZATION,-3.939473024206224,-0.22866348232218994,30
1867,STABILIZATION,4.994571621699489,0.20347893413747437,30
1868,STABILIZATION,2.26122853642293,0.34179018891070856,30
1869,STABILIZATION,1.88614851640308,0.30044208463538,30
1870,STABILIZATION,1.7823140391076677,0.2331952509840408,30
1871,STABILIZATION,-4.857933907454326,0.08503955302517184,30
1872,STABILIZATION,-13.467585012050185,-0.30805955108749256,30
1873,STABILIZATION,6.178836030699305,0.35400297212200965,30
1874,STABILIZATION,-3.3442505800500104,-0.6219590561977111,30
1875,STABILIZATION,-3.9128494147452857,0.04952035255583668,30
1876,STABILIZATION,-0.4116167354081263,0.09874796874248414,30
1877,STABILIZATION,11.634137021297168,0.660458040102269,30
1878,STABILIZATION,2.861510281722718,0.2819540125251722,30
1879,STABILIZATION,-6.715589327101318,-0.5369317588829984,30
1880,STABILIZATION,3.6860288925145035,0.09676264907447953,30
1881,STABILIZATION,5.259527065698314,0.29130198098208654,30
1882,STABILIZATION,-3.624850155386326,0.21484083901877885,30
1883,STABILIZATION,1.5912632480977031,0.1101972858699825,30
1884,STABILIZATION,-12.095182723517379,-0.8638538261345976,30
1885,STABILIZATION,-4.643779159129048,-0.35428014876394726,30
1886,STABILIZATION,-2.9032025978604854,0.11157010537695221,30
1887,STABILIZATION,7.015839946716717,0.19490247830815058,30
1888,STABILIZATION,7.186744181956075,0.3761149684702261,30
1889,STABILIZATION,3.2148769402964557,0.25169715647352486,30
1890,STABILIZATION,-2.3674076731549762,0.01360680999962572,30
1891,STABILIZATION,-12.244113603547628,-0.655673926353792,30
1892,STABILIZATION,6.000328711517683,0.40359811996224015,30
1893,STABILIZATION,-8.743771394739305,-0.3196513423971019,30
1894,STABILIZATION,0.891895182848212,-0.321537658917665,30
1895,STABILIZATION,3.4647207404990104,0.3392047912268196,30
1896,STABILIZATION,-13.315718145981783,-0.7192434184596184,30
1897,STABILIZATION,3.8963086256776784,0.015730569160175425,30
1898,STABILIZATION,-5.1652953061808455,-0.2337949914771401,30
1899,STABILIZATION,3.9463989071189247,-0.08114300112769625,30
1900,STABILIZATION,-8.68364013916954,-0.10330588342739153,30
1901,STABILIZATION,10.310163403435014,0.44471106593648124,30
1902,STABILIZATION,9.120908078308743,0.3063228525923256,30
1903,STABILIZATION,0.45406630958283456,0.12649981197025903,30
1904,STABILIZATION,-3.5362415805287313,-0.7857562710325249,30
1905,STABILIZATION,-7.492914141960828,-0.22025096146379577,30
1906,STABILIZATION,-9.758128401718873,-0.26883234762845043,30
1907,STABILIZATION,2.4604228741638896,0.39755039630547906,30
1908,STABILIZATION,-2.195440744999504,-0.30732210920121295,30
1909,STABILIZATION,0.2351353532629461,0.5586041694887864,30
1910,STABILIZATION,6.814860522243603,0.2520613000790367,30
1911,STABILIZATION,-11.68286830120194,-0.43093464226613704,30
1912,STABILIZATION,6.983679173961109,0.4555185294763681,30
1913,STABILIZATION,0.8834053179280938,-0.060256957348012424,30
1914,STABILIZATION,7.879675688068131,0.29311972650246165,30
1915,STABILIZATION,-1.9725998403694764,0.6197583501557361,30
1916,STABILIZATION,4.969565553380301,0.4072833171542925,30
1917,STABILIZATION,-5.425934115108531,0.13318209797765865,30
1918,STABILIZATION,-6.960111305319826,-0.3512959727231736,30
1919,STABILIZATION,3.752526746694898,0.499995062016578,30
1920,STABILIZATION,-4.977884215303998,0.03619162408943909,30
1921,STABILIZATION,1.333275867289736,0.20311204368777117,30
1922,STABILIZATION,3.3702738838215462,-0.10015637722753429,30
1923,STABILIZATION,0.6033739395906437,-0.020293876218228698,30
1924,STABILIZATION,-15.568252471584769,-1.0450006761279076,30
1925,STABILIZATION,-9.867112882665719,-0.12294860973243558,30
1926,STABILIZATION,2.678502764172955,0.2202712322090018,30
1927,STABILIZATION,11.10509149614944,0.3574703036203193,30
1928,STABILIZATION,3.9136442130471982,0.39725053571188396,30
1929,STABILIZATION,-10.387579341870923,-0.15663532587711748,30
1930,STABILIZATION,2.7578233342928913,0.016366098516283043,30
1931,STABILIZATION,-10.846628304129782,-0.6285727435439302,30
1932,STABILIZATION,2.8139037924846493,0.24509413363037502,30
1933,STABILIZATION,-2.6975185788369984,-0.0579034263451532,30
1934,STABILIZATION,-9.18278556242212,-0.1542822390094299,30
1935,STABILIZATION,6.779573282715655,0.5446437266437616,30
1936,STABILIZATION,8.573114178824415,0.03191183512228492,30
1937,STABILIZATION,0.90120566724913,-0.43184273028598325,30
1938,STABILIZATION,-2.163418701637482,0.014937860591653163,30
1939,STABILIZATION,-1.293868938041709,-0.03154866401002292,30
1940,STABILIZATION,3.7364883519164507,-0.8657976115036026,30
1941,STABILIZATION,-0.8293762728082202,0.1907123963135164,30
1942,STABILIZATION,1.2071227879856365,0.3683505144702679,30
1943,STABILIZATION,14.29976573357021,0.2608432030559661,30
1944,STABILIZATION,1.6877377523588248,-0.04389941120864017,30
1945,STABILIZATION,-0.82071976704099,0.14166226556463146,30
1946,STABILIZATION,-5.437151880781124,-0.3950720450952827,30
1947,STABILIZATION,-2.0444649710713065,0.2195886078088419,30
1948,STABILIZATION,6.760592235406803,0.0714982309368688,30
1949,STABILIZATION,2.9891932784973267,0.049360458706741016,30
1950,STABILIZATION,-0.8670528281484019,0.20143245024916176,30
1951,STABILIZATION,3.514986321571779,0.5307010098711314,30
1952,STABILIZATION,4.758622156122137,-0.4444153768443184,30
1953,STABILIZATION,2.936736556930232,0.1999498878247634,30
1954,STABILIZATION,-8.072929909957596,-0.8415805528420466,30
1955,STABILIZATION,-3.3212175778486475,-0.2509775529628851,30
1956,STABILIZATION,12.55840587419471,0.5705025618963853,30
1957,STABILIZATION,-0.9777156087407738,-0.23065944472773664,30
1958,STABILIZATION,2.331750220807031,0.5480529897631186,30
1959,STABILIZATION,-4.568499026873088,-0.12142239362273564,30
1960,STABILIZATION,9.286243317956089,0.5169708857270192,30
1961,STABILIZATION,-4.025496966784941,-0.6291131103864861,30
1962,STABILIZATION,0.3218183234129002,-0.005317207667241057,30
1963,STABILIZATION,-0.5736504240284247,0.4279815307210475,30
1964,STABILIZATION,2.540858694797477,0.21950753643680676,30
1965,STABILIZATION,-1.5209388758736055,0.13277928774600758,30
1966,STABILIZATION,0.4651853929824741,0.2812218949742336,30
1967,STABILIZATION,11.249166162531543,0.7858517003319906,30
1968,STABILIZATION,-10.597605502941095,-0.9970894202083008,30
1969,STABILIZATION,-3.5772621346788127,-0.2392920072113744,30
1970,STABILIZATION,-11.731413818437025,-0.08252872089725613,30
1971,STABILIZATION,-0.2633419947540177,0.5729083325810579,30
1972,STABILIZATION,1.0547124271635289,-0.33836281321381423,30
1973,STABILIZATION,-1.811329257490322,-0.3876435630224649,30
1974,STABILIZATION,4.422882939672357,-0.2190069754194394,30
1975,STABILIZATION,3.9923018295014914,0.46771945119560326,30
1976,STABILIZATION,3.408517740032929,0.06983972980735048,30
1977,STABILIZATION,-4.697765371418023,-0.1455468082215348,30
1978,STABILIZATION,-9.826250158458292,-0.44034187162518906,30
1979,STABILIZATION,-3.912593629011369,-0.06529129289655453,30
1980,STABILIZATION,-3.138792357614127,0.3833164212149335,30
1981,STABILIZATION,4.877517235776761,-0.317838597162222,30
1982,STABILIZATION,-7.26725824929597,-0.0937588359377158,30
1983,STABILIZATION,-2.215631827520378,-0.8903816818677144,30
1984,STABILIZATION,-5.434318793416925,-0.2300615039357716,30
1985,STABILIZATION,1.275575641936452,0.05491794155918337,30
1986,STABILIZATION,-0.7266536818316636,0.4418545858196419,30
1987,STABILIZATION,-1.6231486258354633,0.1716434929541859,30
1988,STABILIZATION,4.102103195756139,-0.48380563000717663,30
1989,STABILIZATION,-5.841371089091832,-0.8159954995033414,30
1990,STABILIZATION,-3.6274691586912704,-0.26179289040735704,30
1991,STABILIZATION,-1.4933825875935698,-0.42470287557398445,30
1992,STABILIZATION,5.9388806701851,0.3309930921880237,30
1993,STABILIZATION,-2.9770154794693333,-0.24971246175764206,30
1994,STABILIZATION,2.0807112180528096,-0.10645627949405266,30
1995,STABILIZATION,7.7628633163777305,0.1081131359834384,30
1996,STABILIZATION,-0.15520667842693642,-0.5023107049180259,30
1997,STABILIZATION,0.24523464735657974,-0.8511583807893177,30
1998,STABILIZATION,-8.781279801330493,-0.46819403498879647,30
1999,STABILIZATION,7.51872397262535,0.18694984756778718,30
2000,STABILIZATION,3.119894165901686,0.3308897105894773,30
2001,STABILIZATION,0.5517660011764773,0.23310505475552334,30
2002,STABILIZATION,-0.38911288171954783,0.15227233101523163,30
2003,STABILIZATION,9.121359651384545,-0.04471828394183071,30
2004,STABILIZATION,-0.07161756483557445,0.11947681314978195,30
2005,STABILIZATION,-4.850592640481368,-0.21289194448481422,30
2006,STABILIZATION,-5.413811633253598,-0.10874666084032339,30
2007,STABILIZATION,-14.902839843326044,-1.156497298499979,30
2008,STABILIZATION,5.711852480035452,-0.17304486825460863,30
2009,STABILIZATION,-3.9754463115752046,-0.089419172128774,30
2010,STABILIZATION,-3.9736035117914423,-0.30408738129407226,30
2011,STABILIZATION,-3.7132433170214822,-0.03282103017249627,30
2012,STABILIZATION,0.15869561858070658,-0.3758921787091593,30
2013,STABILIZATION,5.614037073628124,-0.1217292674612082,30
2014,STABILIZATION,12.720817239660526,0.7161769423363997,30
2015,STABILIZATION,7.760931989969748,-0.2022600942690172,30
2016,STABILIZATION,-10.00199934107038,-1.422250212693886,30
2017,STABILIZATION,0.3304743010334184,0.45722406915433933,30
2018,STABILIZATION,11.164862382482452,0.8936785446235395,30
2019,STABILIZATION,6.45567894531939,0.1994174165211933,30
2020,STABILIZATION,-0.737095275557442,0.011447813436757751,30
2021,STABILIZATION,-12.664425080413361,-1.3426214947679254,30
2022,STABILIZATION,-10.447203617387542,-0.17450825690355806,30
2023,STABILIZATION,0.37303554303377845,-0.23042882082778515,30
2024,STABILIZATION,-4.826068418282668,-1.0738375173039045,30
2025,STABILIZATION,-3.347459579615618,0.06262542175087006,30
2026,STABILIZATION,4.0610670501113955,0.2762745973494019,30
2027,STABILIZATION,5.484825014424174,0.21481745124985827,30
2028,STABILIZATION,10.830636602669637,0.11819297562911177,30
2029,STABILIZATION,2.231117634899498,-0.07158057713453199,30
2030,STABILIZATION,0.7240488506189332,0.26353747227341273,30
2031,STABILIZATION,6.350262122342813,0.3739092969033829,30
2032,STABILIZATION,-1.1973635253558998,-0.037109031085634334,30
2033,STABILIZATION,6.995045773400551,0.5440846284298663,30
2034,STABILIZATION,-2.595296194779943,0.07615721172228253,30
2035,STABILIZATION,-0.6764172426911429,0.256044731208785,30
2036,STABILIZATION,-4.453218771855242,-0.05961784277576867,30
2037,STABILIZATION,-5.509506179454383,-1.2508192319915374,30
2038,STABILIZATION,0.962472504206156,0.2540238502598148,30
2039,STABILIZATION,3.0418966451438556,-0.054958746417663025,30
2040,STABILIZATION,6.639550162783398,0.2952476889375327,30
2041,STABILIZATION,6.354384953269065,0.14813243760944944,30
2042,STABILIZATION,-6.100546746119432,-0.03396790447615272,30
2043,STABILIZATION,2.385052519744231,-0.322847308044891,30
2044,STABILIZATION,-8.22550204716176,0.08937122870581451,30
2045,STABILIZATION,10.311106598126747,0.6043153233324003,30
2046,STABILIZATION,-5.523987222851618,0.20600945182722977,30
2047,STABILIZATION,-12.19275480975774,-1.1917377497643744,30
2048,STABILIZATION,-6.531975411786878,-0.361771558530916,30
2049,STABILIZATION,3.5203945612832146,0.4306739056843664,30
2050,STABILIZATION,10.47078382646932,0.7616442039500251,30
2051,STABILIZATION,2.812331972674446,0.13036348736074962,30
2052,STABILIZATION,5.292407183866128,0.3506047061127889,30
2053,STABILIZATION,5.64781234625434,0.4245498201753977,30
2054,STABILIZATION,-4.615691696470661,-0.1420750013666597,30
2055,STABILIZATION,11.286268038903108,0.44626912282025893,30
2056,STABILIZATION,6.390856685386286,0.611366341489541,30
2057,STABILIZATION,-2.6723176105817488,0.24423788010480146,30
2058,STABILIZATION,-0.6651529632379849,-0.7054177769674408,30
2059,STABILIZATION,-8.262895126432337,-0.476265143048522,30
2060,STABILIZATION,1.7857502447771725,0.08650694931921972,30
2061,STABILIZATION,9.007844245019786,0.285540848044173,30
2062,STABILIZATION,2.3590528673617697,0.18300804153874756,30
2063,STABILIZATION,0.5631655161269884,-0.060796117107742804,30
2064,STABILIZATION,-0.6267023581815258,-0.1567810543536844,30
2065,STABILIZATION,5.784035193480099,0.004905748464759796,30
2066,STABILIZATION,9.658506205124127,0.6739589828814677,30
2067,STABILIZATION,2.7299036703536044,0.23503751678425383,30
2068,STABILIZATION,-1.0063638753255588,-0.41952804419639045,30
2069,STABILIZATION,-12.735729716966473,-0.14839118613580027,30
2070,STABILIZATION,-3.7395971747174084,0.1521671058888634,30
2071,STABILIZATION,-4.733565015055052,-0.007958247342701015,30
2072,STABILIZATION,-1.2074843526442116,0.2403822472451639,30
2073,STABILIZATION,-8.172620023454545,-0.9578950462923147,30
2074,STABILIZATION,1.3980932154671646,0.23983234836772788,30
2075,STABILIZATION,3.3003976710192675,-0.08283710200635666,30
2076,STABILIZATION,-9.937657955506397,-0.27133965027202434,30
2077,STABILIZATION,-15.473025599073305,-1.52494728204237,30
2078,STABILIZATION,-1.3803769558863064,-0.28790428255551226,30
2079,STABILIZATION,-4.661021000649363,-0.3929346295999441,30
2080,STABILIZATION,-4.259349715120229,-0.05969429505668244,30
2081,STABILIZATION,-0.5178357084318775,-0.07716076229222521,30
2082,STABILIZATION,-9.445879846124297,-1.0226272360197746,30
2083,STABILIZATION,7.059194437557192,0.34713349379674796,30
2084,STABILIZATION,2.5940019401402057,0.36511238596836754,30
2085,STABILIZATION,4.246641881632778,0.29287697030275245,30
2086,STABILIZATION,1.6411235969616906,-0.16046397407412302,30
2087,STABILIZATION,-7.965649072550841,-0.3418895805867238,30
2088,STABILIZATION,-3.6650761474018405,-0.09400967955582959,30
2089,STABILIZATION,3.1381660958832143,0.29392305283499714,30
2090,STABILIZATION,8.51157443645194,0.30013419129576424,30
2091,STABILIZATION,1.3711915023538968,-0.11153804192871476,30
2092,STABILIZATION,-1.3151279612477687,-0.7003218599791953,30
2093,STABILIZATION,-15.194972304309667,-1.0085436628029838,30
2094,STABILIZATION,4.776226352216477,-0.25299432354643814,30
2095,STABILIZATION,1.9591300494847665,0.07211130301676166,30
2096,STABILIZATION,-8.638637341365165,-0.18128988613993152,30
2097,STABILIZATION,-5.543016118770416,-0.15695532826757994,30
2098,STABILIZATION,-1.8879928489293618,0.030018191238901606,30
2099,STABILIZATION,-0.0763146318670875,0.231340723021046,30
2100,STABILIZATION,-5.615910000673689,-0.3290029852801767,30
2101,STABILIZATION,-9.016690708723361,-0.5616876589668592,30
2102,STABILIZATION,-1.0590043586855078,0.023267349560498533,30
2103,STABILIZATION,-11.265983178228826,-0.059019306950266484,30
2104,STABILIZATION,-3.861859096006473,-0.7885970832377844,30
2105,STABILIZATION,6.311275634991968,0.21806056126367432,30
2106,STABILIZATION,3.1261658834741244,0.04699674606689102,30
2107,STABILIZATION,-2.7360968356550854,-0.20501258601547911,30
2108,STABILIZATION,-6.892565815695985,-0.056176911403643066,30
2109,STABILIZATION,3.787739871518452,0.07230207078221246,30
2110,STABILIZATION,-3.7048187093973812,-0.06921593055630601,30
2111,STABILIZATION,-7.817148320150088,-0.5614207767185355,30
2112,STABILIZATION,5.951156643798006,-0.5277935899917993,30
2113,STABILIZATION,7.630668204149838,0.05770580603979569,30
2114,STABILIZATION,5.231622563663442,0.34726941270029765,30
2115,STABILIZATION,-4.261320672511166,-0.10175903962100959,30
2116,STABILIZATION,-12.89267552609831,-0.7934813546957641,30
2117,STABILIZATION,7.838344601807799,0.34749033174824695,30
2118,STABILIZATION,-2.3408924275533107,0.26179316545890896,30
2119,STABILIZATION,0.5723846026600056,0.0247502127284344,30
2120,STABILIZATION,2.4859231285921837,0.07182581618284287,30
2121,STABILIZATION,-6.430448563467718,-0.4191414720593827,30
2122,STABILIZATION,4.35162618713143,0.5985034936292242,30
2123,STABILIZATION,8.116201738561205,0.3859924712978125,30
2124,STABILIZATION,0.46598589421191194,0.22231037940386605,30
2125,STABILIZATION,2.1962388635194285,0.21634540108896075,30
2126,STABILIZATION,-3.9805618806198977,-0.4947808098134985,30
2127,STABILIZATION,0.8320969017031189,0.16484369572898347,30
2128,STABILIZATION,1.2252345688184882,-0.10432196468943125,30
2129,STABILIZATION,4.898500893027619,0.6074580344094904,30
2130,STABILIZATION,-5.108141538847598,-0.764068870898663,30
2131,STABILIZATION,-5.718257502486673,-0.3761285864944394,30
2132,STABILIZATION,-5.649683607500538,0.0902103712955752,30
2133,STABILIZATION,-2.3271443153055325,-0.15948911979276362,30
2134,STABILIZATION,2.1054619405969563,-0.01861314862648379,30
2135,STABILIZATION,5.328297098522334,0.46851232425508577,30
2136,STABILIZATION,0.5179032273485649,0.28712124558944147,30
2137,STABILIZATION,7.131300572208215,0.31626887799174924,30
2138,STABILIZATION,6.338922424039653,0.07092980059673938,30
2139,STABILIZATION,-0.5590234587240762,-0.09416275798971326,30
2140,STABILIZATION,8.109961434487525,0.6081839102695393,30
2141,STABILIZATION,-1.8731343662403934,0.0067999985077232,30
2142,STABILIZATION,-2.3818188905630326,-0.3342233966566473,30
2143,STABILIZATION,-5.849768045105566,0.05903065591586213,30
2144,STABILIZATION,-1.1455413422575065,-0.3252696060454088,30
2145,STABILIZATION,7.418037543637793,-0.25729790216202564,30
2146,STABILIZATION,-11.043664486805906,-0.2228183201648977,30
2147,STABILIZATION,0.26367263901842497,0.010942923554845881,30
2148,STABILIZATION,0.9298886207034353,-0.10507653693296487,30
2149,STABILIZATION,0.7291115893860501,0.21962290544328894,30
2150,STABILIZATION,4.93808596639585,0.22582395843625394,30
2151,STABILIZATION,1.918286087777798,0.19549724345831676,30
2152,STABILIZATION,12.437677580413961,0.32394173486972133,30
2153,STABILIZATION,-8.361074448021814,-0.5476048733004517,30
2154,STABILIZATION,1.4485945575766197,0.45013304090196155,30
2155,STABILIZATION,-3.4868379393159494,0.31169187095344986,30
2156,STABILIZATION,3.602953218568676,-0.054116924976139916,30
2157,STABILIZATION,-13.72561005785442,-0.6223464639190553,30
2158,STABILIZATION,-1.6318605972927567,-0.17770737691050809,30
2159,STABILIZATION,-8.688061019689735,-0.2868399127579613,30
2160,STABILIZATION,-0.8116265745407045,-0.3978114602373279,30
2161,STABILIZATION,0.9873322868226173,-0.6773621257854937,30
2162,STABILIZATION,-4.617080215132997,-0.15355866737495683,30
2163,STABILIZATION,9.20016688652772,-0.44680764097568876,30
2164,STABILIZATION,-2.6122504662106447,-0.2011955745531064,30
2165,STABILIZATION,4.428136290803766,-0.25789200779239246,30
2166,STABILIZATION,3.453604373193431,0.10848923276357328,30
2167,STABILIZATION,1.5026419546482683,0.13220181613373602,30
2168,STABILIZATION,10.280948944028427,-0.27888998756572486,30
2169,STABILIZATION,4.969709139034858,0.18925507815638856,30
2170,STABILIZATION,-3.909910088209973,-0.03639233340566387,30
2171,STABILIZATION,1.149493024828477,0.11578695718406246,30
2172,STABILIZATION,-5.55657058903396,-0.2305678115233088,30
2173,STABILIZATION,-3.7667536585042183,-0.40825037991666424,30
2174,STABILIZATION,6.614382702413687,0.034532609071073285,30
2175,STABILIZATION,2.5765011533603177,-0.2902140954664176,30
2176,STABILIZATION,3.2444905708283325,-0.022980664832585006,30
2177,STABILIZATION,7.740780793323686,-0.16894154442389078,30
2178,STABILIZATION,-3.5985542472931304,-0.10098775273672575,30
2179,STABILIZATION,-10.647475609599821,-0.5777406911307817,30
2180,STABILIZATION,-13.400855925225876,-0.48980608252273583,30
2181,STABILIZATION,-2.8774773973141534,-0.20967537298546285,30
2182,STABILIZATION,-4.643497998971114,-1.313775060009138,30
2183,STABILIZATION,7.894091352503106,-0.041161806372461474,30
2184,STABILIZATION,-1.3551707660524013,-0.617286601724185,30
2185,STABILIZATION,-2.100980333671314,0.2735354266359316,30
2186,STABILIZATION,-6.413056372811118,-0.40400552017010155,30
2187,STABILIZATION,4.038553818675985,-0.16936733066736315,30
2188,STABILIZATION,-2.280076218331625,-0.016333916896339746,30
2189,STABILIZATION,-6.388899253078006,-0.22681818391670744,30
2190,STABILIZATION,-9.224529242095858,-0.27963304793513133,30
2191,STABILIZATION,-3.1343396888729846,-0.015301078804471254,30
2192,STABILIZATION,-12.84582109829863,-1.397518723951996,30
2193,STABILIZATION,-7.227868411027594,0.14694895272655636,30
2194,STABILIZATION,2.5538580629450456,0.014218477923588487,30
2195,STABILIZATION,11.120944857371757,0.17777449776119422,30
2196,STABILIZATION,2.5199825760487817,0.3297174060209784,30
2197,STABILIZATION,14.660619227778762,0.1326778219909518,30
2198,STABILIZATION,9.298400482402021,0.10529237789959302,30
2199,STABILIZATION,-7.842123475468902,-0.3208412535314857,30
2200,STABILIZATION,-3.2599565171037352,0.004554726896648005,30
2201,STABILIZATION,9.666968657374365,0.34952514088341996,30
2202,STABILIZATION,10.877553641828653,0.15116033353139816,30
2203,STABILIZATION,3.0194198235676746,0.3607329301985533,30
2204,STABILIZATION,-2.3498095884195425,-0.4008177729427198,30
2205,STABILIZATION,14.476209027294344,0.3171726083601992,30
2206,STABILIZATION,3.2128153447866707,0.005806827997178044,30
2207,STABILIZATION,-11.148981460730145,-0.764264151407764,30
2208,STABILIZATION,7.134107734684244,0.32309333897907194,30
2209,STABILIZATION,-8.726798672471185,-0.08857641022435733,30
2210,STABILIZATION,7.308252007390459,0.14513784826604326,30
2211,STABILIZATION,-0.537156947855893,0.12786435505983343,30
2212,STABILIZATION,-7.41708668561209,-0.48581771363373427,30
2213,STABILIZATION,-2.1311972275518136,-0.012858157780353988,30
2214,STABILIZATION,-5.845515365771375,-0.0815033157655454,30
2215,STABILIZATION,5.188034048219303,0.19195301022851333,30
2216,STABILIZATION,12.810863765323996,0.40627967185804115,30
2217,STABILIZATION,6.388071248981998,-0.41817689580280076,30
2218,STABILIZATION,-10.931642984741796,-0.5160821734700879,30
2219,STABILIZATION,6.568515291290142,-0.4666582122050241,30
2220,STABILIZATION,-1.6890924179605236,-0.016768033679667674,30
2221,STABILIZATION,5.24688370478121,-1.0271507429100926,30
2222,STABILIZATION,3.9676661983379073,-0.3026963614019074,30
2223,STABILIZATION,-9.913038815093149,-0.6827691699200944,30
2224,STABILIZATION,5.790797207642281,0.420462225997137,30
2225,STABILIZATION,-0.7587908421470437,0.15239857241596894,30
2226,STABILIZATION,-4.676997244838029,-0.5433817124882148,30
2227,STABILIZATION,0.2608803023906807,-0.1146513705980983,30
2228,STABILIZATION,-3.8963969158075273,-0.12242278204342796,30
2229,STABILIZATION,-9.176418194809846,-0.21946871152988134,30
2230,STABILIZATION,4.598558079599924,0.20010782382655945,30
2231,STABILIZATION,-7.018057858831261,-0.953755230799095,30
2232,STABILIZATION,-8.732914844385748,-0.1631502423161826,30
2233,STABILIZATION,0.08764633872181547,0.06395645440043912,30
2234,STABILIZATION,-7.940571626169018,-0.9358486156003132,30
2235,STABILIZATION,-3.9931485848090054,-0.2919076147009403,30
2236,STABILIZATION,-0.3039573003033004,0.23361997063094406,30
2237,STABILIZATION,-0.25182896108680447,-0.37413854710913486,30
2238,STABILIZATION,-4.138270080667135,-0.16793839465801524,30
2239,STABILIZATION,0.06515437802514845,0.2595664064623077,30
2240,STABILIZATION,-1.8179058050533892,-0.0054937274603250675,30
2241,STABILIZATION,-6.598424097429041,-0.11351009335942826,30
2242,STABILIZATION,-0.7748593011843957,0.0064906875420852874,30
2243,STABILIZATION,5.579846084628539,0.24169216730831594,30
2244,STABILIZATION,-0.22729010023574103,0.090368568546619,30
2245,STABILIZATION,1.811771496304527,0.138991945142267,30
2246,STABILIZATION,-7.400863622369307,-0.07097102566364356,30
2247,STABILIZATION,-6.163691926481449,-0.10666830248375776,30
2248,STABILIZATION,-3.9262977219657262,-0.4457647947073445,30
2249,STABILIZATION,2.0121793082177755,0.46509762758466344,30
2250,STABILIZATION,6.777250680203061,0.3673394322221732,30
2251,STABILIZATION,-1.222988091047583,-0.11605319610006877,30
2252,STABILIZATION,-2.6877108520871267,0.11171107716253605,30
2253,STABILIZATION,9.441093521378448,0.549400189033681,30
2254,STABILIZATION,-1.633522802848941,0.15374144474813853,30
2255,STABILIZATION,-7.813401630587104,-0.5954744499587294,30
2256,STABILIZATION,-4.101427650267457,-0.33014516402792393,30
2257,STABILIZATION,-4.959070179070112,-0.013354446106522448,30
2258,STABILIZATION,-8.539401635034901,-0.25621491774181526,30
2259,STABILIZATION,3.3090401764202415,0.17945540317531805,30
2260,STABILIZATION,-4.956919901377855,-0.019993058018971124,30
2261,STABILIZATION,8.393417471621058,0.22720354824658795,30
2262,STABILIZATION,-12.814205575577462,-0.42231082870253345,30
2263,STABILIZATION,1.074197455397389,0.3892479357161508,30
2264,STABILIZATION,-3.297944162341617,-0.46360061287807014,30
2265,STABILIZATION,5.014938095613066,0.31109188500154217,30
2266,STABILIZATION,14.143357793638161,0.279673967588114,30
2267,STABILIZATION,2.5983176297798716,0.14684965228159066,30
2268,STABILIZATION,-0.35553162303832203,-0.45859094847091164,30
2269,STABILIZATION,-2.108092095665029,0.12122460650214172,30
2270,STABILIZATION,9.299231346803708,-0.3312048713326777,30
2271,STABILIZATION,-10.523112055996258,-1.0309253883240206,30
2272,STABILIZATION,-8.466040943525792,-1.3691221722147602,30
2273,STABILIZATION,-0.9998390832139411,0.03225802754941016,30
2274,STABILIZATION,-2.4195889470462983,-0.30035665066879597,30
2275,STABILIZATION,10.269012457143134,0.590406123954797,30
2276,STABILIZATION,1.0446967084120375,0.17144507100621523,30
2277,STABILIZATION,-2.8361804895002143,0.02055392859572791,30
2278,STABILIZATION,-9.572590151071905,-0.0812203193380042,30
2279,STABILIZATION,-6.143055081994856,-0.19670782960115624,30
2280,STABILIZATION,4.020312078293422,0.09042292253489395,30
2281,STABILIZATION,-5.578645687076624,-1.1019980746980396,30
2282,STABILIZATION,-11.076879727952814,-0.4708455745891919,30
2283,STABILIZATION,0.47527330639119636,0.114678536523854,30
2284,STABILIZATION,0.9022367673224825,0.3262481122112922,30
2285,STABILIZATION,2.9533963932231226,-0.010350902210325716,30
2286,STABILIZATION,0.8451398086094076,0.2791583616123208,30
2287,STABILIZATION,3.2118039484628698,-0.3199925292545512,30
2288,STABILIZATION,0.7598432948385833,-0.11286503984555421,30
2289,STABILIZATION,-11.693248410817937,-1.4688207641111481,30
2290,STABILIZATION,-1.8571799691816435,0.18068574298628318,30
2291,STABILIZATION,7.497360064134127,0.5721687102658457,30
2292,STABILIZATION,9.617581690423446,0.5638284776032919,30
2293,STABILIZATION,8.20941744170761,0.5958028275687319,30
2294,STABILIZATION,0.012855364924048294,-0.016627433344510452,30
2295,STABILIZATION,-5.215518626690256,-0.06420752097763825,30
2296,STABILIZATION,4.786588340759175,-0.11447445309759188,30
2297,STABILIZATION,-4.722091466455544,-0.22172130088300737,30
2298,STABILIZATION,0.8893747807871458,0.27735519556790517,30
2299,STABILIZATION,-2.0165316231895662,-0.05195883191019839,30
2300,STABILIZATION,2.0691555270057953,0.3607655538032816,30
2301,STABILIZATION,0.7363718408589145,0.2905554774246725,30
2302,STABILIZATION,5.587232302910799,0.19992430321908336,30
2303,STABILIZATION,-2.0656758943850546,-0.13120903265790781,30
2304,STABILIZATION,6.969098254833543,0.4707695825695654,30
2305,STABILIZATION,-0.22970837225077143,0.14040889480570304,30
2306,STABILIZATION,15.98728812937052,0.792860637797205,30
2307,STABILIZATION,1.7895529267412236,0.08926688354528471,30
2308,STABILIZATION,4.907181266805981,0.32087222454512676,30
2309,STABILIZATION,-6.636144642208264,-0.29447390435052423,30
2310,STABILIZATION,-3.385728688133191,-0.4758312767618692,30
2311,STABILIZATION,7.238745641477879,0.3919400853936221,30
2312,STABILIZATION,-0.733879021305956,-0.10829637315259598,30
2313,STABILIZATION,-4.119929036034788,0.008868582793351216,30
2314,STABILIZATION,-12.123559573154786,-0.8249647159593126,30
2315,STABILIZATION,-6.1555965798989805,0.09824906398733937,30
2316,STABILIZATION,-5.0815470729421754,-0.38997456418481613,30
2317,STABILIZATION,3.8400609813576048,0.08808459991857127,30
2318,STABILIZATION,-3.541763848391064,-0.3968062267067359,30
2319,STABILIZATION,-2.230948187449629,-0.849365567524931,30
2320,STABILIZATION,10.622577835792699,0.5540661589121031,30
2321,STABILIZATION,-3.2910561218175514,-0.5940359210549027,30
2322,STABILIZATION,-6.487031227989917,-0.6495464085878357,30
2323,STABILIZATION,-9.869572188770094,-0.6867319779051719,30
2324,STABILIZATION,-10.091230539523306,-0.12830079181465667,30
2325,STABILIZATION,-6.115544826016182,0.023390317507414337,30
2326,STABILIZATION,-8.177825274475646,-0.7779616042688582,30
2327,STABILIZATION,3.203602329793655,-0.16179510957540172,30
2328,STABILIZATION,3.970742122347548,0.31430755205342364,30
2329,STABILIZATION,-4.395929096332199,-0.8101039480562164,30
2330,STABILIZATION,8.799105765910396,0.7375114304295048,30
2331,STABILIZATION,1.7000795278624925,0.06355235628658787,30
2332,STABILIZATION,6.19945416321482,0.26303920366078754,30
2333,STABILIZATION,-7.619323518336777,-0.18170109544510638,30
2334,STABILIZATION,-1.2728368923496638,-0.33608034852377,30
2335,STABILIZATION,0.18205346873205086,0.12902603802254686,30
2336,STABILIZATION,5.439735500377416,0.11701347439492489,30
2337,STABILIZATION,-7.287771378912221,-0.3822900104357801,30
2338,STABILIZATION,-1.3193074988243914,-0.28698521247097114,30
2339,STABILIZATION,-4.165778799317945,-0.6378371603967881,30
2340,STABILIZATION,0.9504859777864202,0.32074539437340854,30
2341,STABILIZATION,13.129871217737936,0.8318932128943715,30
2342,STABILIZATION,1.2028821527425095,0.22252226780352552,30
2343,STABILIZATION,-2.452254969938005,-0.3137863888700277,30
2344,STABILIZATION,-0.17644935881113796,0.02602233025157567,30
2345,STABILIZATION,-8.588064698678835,-0.3585220500570942,30
2346,STABILIZATION,0.16068016120609577,-0.5677946675784261,30
2347,STABILIZATION,-2.547061923147818,-0.020965381311296053,30
2348,STABILIZATION,-2.162453830217704,-0.18782881049792535,30
2349,STABILIZATION,-0.17188932289402706,0.2434864789201975,30
2350,STABILIZATION,-6.011711326823732,-0.8804456795536133,30
2351,STABILIZATION,0.6580405548331509,-0.8664702771151767,30
2352,STABILIZATION,-0.2890963014822119,0.017763063691404925,30
2353,STABILIZATION,3.346015646657664,0.24813879342520034,30
2354,STABILIZATION,0.3537107721939529,0.16525694375833655,30
2355,STABILIZATION,3.826896677854812,0.5397241232604796,30
2356,STABILIZATION,-1.5657754108629163,-0.24038358207906835,30
2357,STABILIZATION,0.6337282265617724,0.1862073949384882,30
2358,STABILIZATION,2.415459008150077,0.15744022292763468,30
2359,STABILIZATION,6.567268202159133,0.20341255598960264,30
2360,STABILIZATION,-5.3789348344757215,-0.3096000360765812,30
2361,STABILIZATION,6.772024322386695,0.18316177689302157,30
2362,STABILIZATION,-10.762284647227203,-1.03127944634559,30
2363,STABILIZATION,-9.761012348744899,-0.15920453984929997,30
2364,STABILIZATION,5.73431989904428,0.3473553587464643,30
2365,STABILIZATION,-10.457736821167646,-0.7297311684938343,30
2366,STABILIZATION,0.09203756863494979,-0.07098131814690456,30
2367,STABILIZATION,7.334858411355909,-0.01658245390207728,30
2368,STABILIZATION,9.744326073577655,0.0916169709114658,30
2369,STABILIZATION,-5.59689266462812,-0.48215137974940964,30
2370,STABILIZATION,5.304830857655854,-0.03176121007900079,30
2371,STABILIZATION,-4.161619123902603,-1.0474920055133725,30
2372,STABILIZATION,-4.042287177591885,-0.4345394427353864,30
2373,STABILIZATION,2.9367079006710712,-0.09012494082504845,30
2374,STABILIZATION,-7.812031065806434,-0.06146208541135835,30
2375,STABILIZATION,16.124651300524302,0.6138120758758726,30
2376,STABILIZATION,6.217851107337621,0.24411133975593693,30
2377,STABILIZATION,-6.162192341089681,-0.35467107947632415,30
2378,STABILIZATION,-3.1047481489988424,-0.5473116238258001,30
2379,STABILIZATION,-1.7007048655305113,-0.01897879607841421,30
2380,STABILIZATION,-4.5777179831346295,-0.020651433799378883,30
2381,STABILIZATION,0.6028551331434466,0.2572089847259838,30
2382,STABILIZATION,2.4206462194213074,0.09560351655562421,30
2383,STABILIZATION,-2.3636373410809823,0.07809162593259072,30
2384,STABILIZATION,3.2291436532112447,-0.5385894980914944,30
2385,STABILIZATION,-12.425838980951358,-1.3241348086326206,30
2386,STABILIZATION,-1.4798653412830394,0.15649239047334476,30
2387,STABILIZATION,-4.648244365420633,-0.7478754741489596,30
2388,STABILIZATION,-6.807088104405472,-0.10557655676526594,30
2389,STABILIZATION,-0.1587709099362078,-0.8077007844869172,30
2390,STABILIZATION,-0.02930169303452299,0.9332219612074859,30
2391,STABILIZATION,3.839276926792803,0.05429564940476806,30
2392,STABILIZATION,5.238077000340916,-0.3320351237454125,30
2393,STABILIZATION,-15.54954868777593,-0.732676306933285,30
2394,STABILIZATION,-5.7564098921928215,-0.23136744169314388,30
2395,STABILIZATION,6.1701883702745866,0.5068154292685637,30
2396,STABILIZATION,0.1447300185214764,-0.657452193121996,30
2397,STABILIZATION,-8.197331373551307,-0.008288077570400058,30
2398,STABILIZATION,-12.829564057513807,-0.9160124919551085,30
2399,STABILIZATION,19.088415525261627,-1.867652498278328,30
2400,STABILIZATION,-8.513583705162382,-1.1886048459587764,30
2401,STABILIZATION,-5.948638822202911,-0.1330488588507503,30
2402,STABILIZATION,-6.932894825980909,-0.33037952633328904,30
2403,STABILIZATION,1.7820166981789252,0.15132968043575418,30
2404,STABILIZATION,-1.5908266193373073,0.028355341429679333,30
2405,STABILIZATION,-1.159562433184802,0.043965107148144465,30
2406,STABILIZATION,0.40592384049588154,0.2221060889240894,30
2407,STABILIZATION,4.199570739778833,0.12379032368118163,30
2408,STABILIZATION,13.73917372109648,0.5084212917809237,30
2409,STABILIZATION,-2.345021085281446,-0.27058776545750096,30
2410,STABILIZATION,1.797623252854814,0.2026363849357166,30
2411,STABILIZATION,2.5730982770971433,0.3982403965225218,30
2412,STABILIZATION,1.0765299744152503,-0.09151545804428163,30
2413,STABILIZATION,1.4001870362837185,0.06355102350197163,30
2414,STABILIZATION,-4.971101443195271,-0.24701478851815312,30
2415,STABILIZATION,2.7351997095951748,-0.030243108540734656,30
2416,STABILIZATION,5.134668260765741,-0.15937757858943666,30
2417,STABILIZATION,-0.8281186515125947,0.04071606235882486,30
2418,STABILIZATION,-3.4458978220313807,-0.3490328788156566,30
2419,STABILIZATION,-7.031753821976493,-0.028572771987288508,30
2420,STABILIZATION,0.6020749556556481,0.1509487711668527,30
2421,STABILIZATION,-10.978041081210819,-0.8592532969751481,30
2422,STABILIZATION,-1.7141504427110603,0.03268193869860324,30
2423,STABILIZATION,-5.65949454286561,0.014089740726446998,30
2424,STABILIZATION,-5.739391036981116,-0.2275295292821184,30
2425,STABILIZATION,-3.7119676962855226,0.055733354830752174,30
2426,STABILIZATION,12.694084537084523,-0.009091451050815458,30
2427,STABILIZATION,-6.1860746620873535,-0.33818456795365953,30
2428,STABILIZATION,-2.2309704429459,0.3231656042653883,30
2429,STABILIZATION,8.850734064109998,0.4799348040638358,30
2430,STABILIZATION,-3.274425257263834,0.040301504491520763,30
2431,STABILIZATION,-8.926784850477457,-1.1811449139675472,30
2432,STABILIZATION,4.389150066595344,0.2630037540917522,30
2433,STABILIZATION,-3.507025594961017,-0.49401191990880555,30
2434,STABILIZATION,-2.5775945171458585,-0.12727770677511116,30
2435,STABILIZATION,-1.7659582334143429,0.1102752185418289,30
2436,STABILIZATION,-4.08774159687589,-0.4109669535194308,30
2437,STABILIZATION,-2.2045800367345416,-0.4740564272833852,30
2438,STABILIZATION,5.3324759139784215,0.009396402435338392,30
2439,STABILIZATION,9.74022246989386,0.42716391780298074,30
2440,STABILIZATION,-3.294460927837284,-0.9900987340955335,30
2441,STABILIZATION,-8.922424815025668,-0.9556353764092804,30
2442,STABILIZATION,-11.629676401874635,-0.8643233021618371,30
2443,STABILIZATION,6.7523987719406104,0.3289058743694524,30
2444,STABILIZATION,-7.423484277667787,-0.07506007348327967,30
2445,STABILIZATION,-8.041336614172083,-0.4348837974909819,30
2446,STABILIZATION,-3.2030799023380143,-0.0009430818275506663,30
2447,STABILIZATION,-5.524596701884442,-0.42817407937482443,30
2448,STABILIZATION,1.2162260371292144,0.0890704621257601,30
2449,STABILIZATION,-8.151226223954716,-0.10443555369638477,30
2450,STABILIZATION,-6.503705844215046,0.2517718996160314,30
2451,STABILIZATION,-5.5187345076469,-0.39846565037068743,30
2452,STABILIZATION,-7.672876678318107,-0.34010351258727456,30
2453,STABILIZATION,-5.638331455494995,-1.1321199883154283,30
2454,STABILIZATION,0.4743380105116238,-0.055008211524701256,30
2455,STABILIZATION,-1.012113591331472,0.16475814671317213,30
2456,STABILIZATION,-8.22304585674106,-0.6309059514020375,30
2457,STABILIZATION,-1.3581718518512949,-0.0037830983020813486,30
2458,STABILIZATION,-1.3067835875993385,-0.19629019377023885,30
2459,STABILIZATION,13.442636189237788,0.3494455900895383,30
2460,STABILIZATION,-15.76663465241023,-0.3352190512308989,30
2461,STABILIZATION,-0.28298474072408947,0.17400362380148765,30
2462,STABILIZATION,2.2567153594998355,0.4325903089782506,30
2463,STABILIZATION,7.657298031473718,0.4301765226681224,30
2464,STABILIZATION,6.596700526632238,0.0965639512012793,30
2465,STABILIZATION,4.40150113139179,-0.1995783513412667,30
2466,STABILIZATION,14.231531812033342,0.4564606961213516,30
2467,STABILIZATION,6.276478879390972,0.35927565836388275,30
2468,STABILIZATION,-5.291119092325374,-1.0565830907631264,30
2469,STABILIZATION,3.3095330914552408,0.2802954593509651,30
2470,STABILIZATION,3.909244851373971,0.27391187915532184,30
2471,STABILIZATION,-2.955907680961153,0.23580060469814648,30
2472,STABILIZATION,5.331405994262496,0.4583482825546278,30
2473,STABILIZATION,1.6107571986993159,-0.040158153509951985,30
2474,STABILIZATION,3.4642393748464193,0.11315717795355935,30
2475,STABILIZATION,-1.1686207206436745,0.1567788655624933,30
2476,STABILIZATION,-0.3878142490444745,0.0032172691167885827,30
2477,STABILIZATION,8.742967863218142,0.19099591048954473,30
2478,STABILIZATION,-5.927916359742757,-0.00649459508171247,30
2479,STABILIZATION,-8.242029695119145,-1.3853439095930407,30
2480,STABILIZATION,0.24091985669948357,-0.033577037369583944,30
2481,STABILIZATION,7.648150098517833,-0.06396673068081397,30
2482,STABILIZATION,1.2068788498237173,0.0502233833210108,30
2483,STABILIZATION,4.568718514992523,0.16010104893168364,30
2484,STABILIZATION,-12.361109666673755,-0.9625072013582014,30
2485,STABILIZATION,10.864920106049299,0.4381202136198324,30
2486,STABILIZATION,-2.1407399952176,0.0017368254787170005,30
2487,STABILIZATION,5.574886668824571,0.1357005243100403,30
2488,STABILIZATION,-0.11957968139596978,0.02628208220221488,30
2489,STABILIZATION,-10.744949931085253,-1.0278243827093407,30
2490,STABILIZATION,-6.512154320755089,-0.5162498123889486,30
2491,STABILIZATION,0.8896108460328629,0.022709221666472927,30
2492,STABILIZATION,3.6164522218941846,0.04055722657544468,30
2493,STABILIZATION,-0.34127541409714973,0.13874990466917705,30
2494,STABILIZATION,-0.07854783105228932,0.20190685241392087,30
2495,STABILIZATION,-4.722095915169343,-1.2079736467040483,30
2496,STABILIZATION,-11.55117739819443,-1.2220353281887004,30
2497,STABILIZATION,7.003673771390243,0.38046067643659287,30
2498,STABILIZATION,-0.7232116408232093,0.06780975745385856,30
2499,STABILIZATION,-5.52668291401596,-0.06529945760510134,30
2500,STABILIZATION,2.643195142561759,0.12442991477838157,30
2501,STABILIZATION,-14.162989988362778,-0.20294595566224133,30
2502,STABILIZATION,-7.473068030962123,-0.13257640042627475,30
2503,STABILIZATION,12.859493206444013,0.8097070760017322,30
2504,STABILIZATION,3.3657596361914117,0.17259770204541922,30
2505,STABILIZATION,4.646593972411375,0.05615065461639338,30
2506,STABILIZATION,-2.3557532588907573,0.0395109849118644,30
2507,STABILIZATION,-3.011763373196682,-0.4018573437950676,30
2508,STABILIZATION,-1.7945404760265964,0.21892183047910382,30
2509,STABILIZATION,2.2754329529362667,-0.48032022479435044,30
2510,STABILIZATION,1.126025835016425,0.5036195849974704,30
2511,STABILIZATION,13.520889438975223,0.2342736210468307,30
2512,STABILIZATION,-0.29846752329011406,0.04744250403323669,30
2513,STABILIZATION,4.418836764064468,0.17019339163116481,30
2514,STABILIZATION,7.119000673635816,0.31905524156434695,30
2515,STABILIZATION,-15.494759006242953,-0.28987092687415345,30
2516,STABILIZATION,0.05358738669448934,0.350442949646305,30
2517,STABILIZATION,-2.868320038220356,-0.10815079397807612,30
2518,STABILIZATION,-11.254440673930711,-0.499182319658749,30
2519,STABILIZATION,0.08344816841048257,0.13702007522290177,30
2520,STABILIZATION,2.185624598328086,0.05856866821292474,30
2521,STABILIZATION,0.9273189826819693,0.12039707771667844,30
2522,STABILIZATION,-8.04154361765877,-0.37689660226260385,30
2523,STABILIZATION,-4.643694023880968,-0.08999908483329655,30
2524,STABILIZATION,-1.135890281046077,0.18172685415086576,30
2525,STABILIZATION,-7.076560700243389,-0.18134782564152244,30
2526,STABILIZATION,-3.117302354655221,-0.33811440635064677,30
2527,STABILIZATION,-15.094401650992623,-0.18159918767171343,30
2528,STABILIZATION,-7.648958370876729,-0.008350157402709672,30
2529,STABILIZATION,0.7318587327140903,0.05494431035536052,30
2530,STABILIZATION,5.627317015052198,0.14329619365487353,30
2531,STABILIZATION,-3.395786517797517,-0.24716017531358195,30
2532,STABILIZATION,3.9661475159368744,0.41635599581848565,30
2533,STABILIZATION,1.9011624443059076,0.0539103340738704,30
2534,STABILIZATION,-4.674343265457887,0.08760881096898779,30
2535,STABILIZATION,7.718104632234172,-0.07278186812908197,30
2536,STABILIZATION,-10.261586710001076,-0.22861314639497904,30
2537,STABILIZATION,10.19866991558491,0.011109032841469461,30
2538,STABILIZATION,8.185412990190823,0.18126808700705097,30
2539,STABILIZATION,-16.340958421462542,-0.7733191723328798,30
2540,STABILIZATION,-3.4423093282262034,0.1829004756645149,30
2541,STABILIZATION,-2.4344813233159637,-0.20417252299363342,30
2542,STABILIZATION,9.58545930946593,-1.1570102820715613,30
2543,STABILIZATION,1.2554098964552465,0.3751836918436099,30
2544,STABILIZATION,0.7350664646147888,0.17897197290880926,30
2545,STABILIZATION,3.9641859407583966,0.30024345322097284,30
2546,STABILIZATION,3.5383418066370114,0.18774314558846836,30
2547,STABILIZATION,-0.625609417353356,0.06342794881786211,30
2548,STABILIZATION,-5.4462303122115685,-0.26646616336033235,30
2549,STABILIZATION,-4.709967614424561,-0.15597356886698222,30
2550,STABILIZATION,1.2006792130019706,0.019714555813828884,30
2551,STABILIZATION,-8.619045042651194,-0.5966940909008076,30
2552,STABILIZATION,-8.60508391474956,-0.21888642113385703,30
2553,STABILIZATION,-7.2246698603918915,-0.10098412222087247,30
2554,STABILIZATION,2.6690196871026988,-0.08614582085460268,30
2555,STABILIZATION,0.9710160287065067,0.24002088660069995,30
2556,STABILIZATION,-8.681817868700184,-0.24778708638996347,30
2557,STABILIZATION,-8.65765865628423,-1.004023872330633,30
2558,STABILIZATION,2.16926515508343,0.07856630605257643,30
2559,STABILIZATION,3.971636363431196,-0.43780048785626774,30
2560,STABILIZATION,0.805847627893366,0.22591913810567835,30
2561,STABILIZATION,-0.6154372840207544,-0.06927504644295394,30
2562,STABILIZATION,-1.7659490439355618,-0.7600679722818701,30
2563,STABILIZATION,-10.568897629204045,-0.6378774373688162,30
2564,STABILIZATION,1.1146653376345679,0.2177687444147879,30
2565,STABILIZATION,8.521972905672033,0.5797673752093983,30
2566,STABILIZATION,4.462570823245255,0.3603753388834599,30
2567,STABILIZATION,-2.5476727164736817,0.030169314458018626,30
2568,STABILIZATION,3.120807678002967,-0.010955316026221407,30
2569,STABILIZATION,6.875706213696617,0.15036972208188965,30
2570,STABILIZATION,0.09963647980162234,0.009193290484601298,30
2571,STABILIZATION,-2.352929884112175,-0.11260313581038671,30
2572,STABILIZATION,-0.6353233599588755,0.2877761851350717,30
2573,STABILIZATION,-1.2498229233031983,0.022634684400204975,30
2574,STABILIZATION,9.790352602070516,-0.6843302441609805,30
2575,STABILIZATION,0.8671277335784755,0.08501129839726204,30
2576,STABILIZATION,5.9293145953144135,0.18896970758113596,30
2577,STABILIZATION,9.76275233042071,0.4542188542780508,30
2578,STABILIZATION,-0.6004702835766227,0.25303153324907346,30
2579,STABILIZATION,-3.390819642080258,0.02495779907675993,30
2580,STABILIZATION,-6.874704940730942,-0.5658771339737668,30
2581,STABILIZATION,-11.01688978943205,-0.20616625868870467,30
2582,STABILIZATION,-0.9207771938800305,0.2302438656093874,30
2583,STABILIZATION,0.32220041798084453,-0.57990811678705,30
2584,STABILIZATION,-4.657948318798284,0.07618201199217542,30
2585,STABILIZATION,6.084784996088618,-0.2150828881735728,30
2586,STABILIZATION,3.956948714465007,0.07809270525308913,30
2587,STABILIZATION,2.8980062705423837,0.4179676115762072,30
2588,STABILIZATION,5.5752027856430235,-0.1614102750631279,30
2589,STABILIZATION,-3.011543060118663,-0.17572206963605375,30
2590,STABILIZATION,-5.2219445674334075,0.2930721815300105,30
2591,STABILIZATION,12.983320793717384,0.136088904470821,30
2592,STABILIZATION,1.8866058742611165,-0.1698094915848219,30
2593,STABILIZATION,-9.740716573070783,-0.46440430914265585,30
2594,STABILIZATION,-3.4074900553330982,-0.10416511072847243,30
2595,STABILIZATION,1.5427429475990868,0.3425614021845072,30
2596,STABILIZATION,-9.654888805255862,-0.033383195940121325,30
2597,STABILIZATION,0.20301888088941203,-0.1139178596097618,30
2598,STABILIZATION,-16.27485666342515,-0.7397071977006086,30
2599,STABILIZATION,0.49213108724160426,0.1871592725787687,30
2600,STABILIZATION,-2.3509442001038066,-0.01684629467726905,30
2601,STABILIZATION,2.221935757187498,-0.11939925164822855,30
2602,STABILIZATION,15.658618314918355,0.7154104326523891,30
2603,STABILIZATION,7.415931139708831,0.26232907519829946,30
2604,STABILIZATION,0.4241547293779364,-0.20530627424041142,30
2605,STABILIZATION,-20.91069122227722,-0.6318009584991723,30
2606,STABILIZATION,2.0108929050415822,0.3338468440432301,30
2607,STABILIZATION,-3.74069580668414,0.3549754279150869,30
2608,STABILIZATION,-6.668335180184997,-0.7010339723053254,30
2609,STABILIZATION,1.2726683289596845,0.10482098953582278,30
2610,STABILIZATION,-2.2813905957910485,-0.4924711496947584,30
2611,STABILIZATION,-2.5382211766634613,0.0499640459870317,30
2612,STABILIZATION,-5.660429876146174,-0.3139984879940133,30
2613,STABILIZATION,-4.670858528462492,-0.10556383036576186,30
2614,STABILIZATION,-0.6570320027344392,0.13003006350508933,30
2615,STABILIZATION,-8.25961841239996,-0.92902689747566,30
2616,STABILIZATION,1.3680406519812225,0.10227536211731152,30
2617,STABILIZATION,-0.5926061003077704,0.16968255638295973,30
2618,STABILIZATION,2.6069795810782255,-0.11959628756281449,30
2619,STABILIZATION,2.472258025092313,0.3633067363035878,30
2620,STABILIZATION,2.5021613481751883,0.4484365581915526,30
2621,STABILIZATION,-7.608986897946712,-0.13491622695761765,30
2622,STABILIZATION,-5.89140570637988,0.07280877557078166,30
2623,STABILIZATION,-3.8252369874944994,0.07198697133530739,30
2624,STABILIZATION,-2.521040803101198,-0.3691303656939274,30
2625,STABILIZATION,18.572657680545248,0.7715740454791753,30
2626,STABILIZATION,10.071374456369433,0.4526463989198916,30
2627,STABILIZATION,-2.179917424313718,-0.004972141464472069,30
2628,STABILIZATION,1.5854195090077685,-0.12574964917861478,30
2629,STABILIZATION,-0.5831287889131915,0.26301240790183883,30
2630,STABILIZATION,-6.915976963634704,-0.5924387516871669,30
2631,STABILIZATION,-8.359234588971475,-0.16311271831993426,30
2632,STABILIZATION,10.304980555907733,0.07704909447692146,30
2633,STABILIZATION,2.2920344941148905,-0.10431550142127402,30
2634,STABILIZATION,10.029348696589475,-1.3006477904896714,30
2635,STABILIZATION,6.99989558875328,-0.005534460129967952,30
2636,STABILIZATION,-8.222714736960146,-0.3355684573605377,30
2637,STABILIZATION,4.1209261146418905,0.40205246383567084,30
2638,STABILIZATION,-4.943603791210367,0.5767702067563327,30
2639,STABILIZATION,11.529849306911593,0.5376794086271308,30
2640,STABILIZATION,3.4962352985840868,0.18995449708739726,30
2641,STABILIZATION,-10.136109439290191,-0.4386083637795991,30
2642,STABILIZATION,-6.09879499727037,-0.26234034432946135,30
2643,STABILIZATION,-1.9109276364175745,-0.14932054563499614,30
2644,STABILIZATION,-4.6130982059237144,-0.630104769364763,30
2645,STABILIZATION,-23.385018471397785,-1.6464264045759307,30
2646,STABILIZATION,6.86874435252689,0.17670013431216267,30
2647,STABILIZATION,3.7928895404020837,0.3524825037912277,30
2648,STABILIZATION,-7.06155909143644,-0.5253681191818736,30
2649,STABILIZATION,-3.6575308173071566,0.03371586958944054,30
2650,STABILIZATION,1.79200090205776,-0.1435812349104756,30
2651,STABILIZATION,-10.414861176068747,-0.3601727739835095,30
2652,STABILIZATION,-10.90899496355432,-0.6589102670938242,30
2653,STABILIZATION,9.63712823894339,-0.7149892006852788,30
2654,STABILIZATION,1.6135896520249036,0.077418840113623,30
2655,STABILIZATION,-0.14503631130707995,0.0008130539230816561,30
2656,STABILIZATION,6.016625151630702,0.04919441584539609,30
2657,STABILIZATION,20.266631994398523,0.989461291915557,30
2658,STABILIZATION,-6.702335445271433,0.20663424256176227,30
2659,STABILIZATION,10.714695600831348,0.4381596195855447,30
2660,STABILIZATION,-4.393060761477858,0.39991080564870685,30
2661,STABILIZATION,2.7260155231211995,0.17204276681995836,30
2662,STABILIZATION,-3.424653210337774,-0.6926576052748149,30
2663,STABILIZATION,-0.22069191569412083,0.33137629922744694,30
2664,STABILIZATION,-0.21384403945293767,-0.12904528178475114,30
2665,STABILIZATION,-3.8908739456943326,0.12952250501020118,30
2666,STABILIZATION,-1.0673230264769304,-0.40815588355261856,30
2667,STABILIZATION,-9.554198679264536,-0.3476429629934351,30
2668,STABILIZATION,4.6393346211161655,-0.20475281468952986,30
2669,STABILIZATION,6.8793118495152985,0.29339865488985883,30
2670,STABILIZATION,1.785498107438909,0.11677659814592088,30
2671,STABILIZATION,8.859803244542949,0.5953693599160846,30
2672,STABILIZATION,3.6683262448330805,0.20221370576071704,30
2673,STABILIZATION,2.516060733017978,0.06175802526701736,30
2674,STABILIZATION,2.051803607178709,-0.11745483562819901,30
2675,STABILIZATION,7.350659837963122,-0.0017939553466163568,30
2676,STABILIZATION,-4.619995715968267,-0.04363118970372207,30
2677,STABILIZATION,-11.699787894339643,-0.435848025743,30
2678,STABILIZATION,4.092752316249627,0.07089685619597642,30
2679,STABILIZATION,0.0195840700663478,0.2890798225762337,30
2680,STABILIZATION,-6.787848239940158,0.11339253449180044,30
2681,STABILIZATION,-1.6709772305532016,-0.7271258333604455,30
2682,STABILIZATION,-1.4492580639670423,-1.0728157152181141,30
2683,STABILIZATION,9.711250425803488,0.09669130296883384,30
2684,STABILIZATION,-1.0176176974325861,-0.12143460489890118,30
2685,STABILIZATION,-7.971285230427336,-0.41060674492130633,30
2686,STABILIZATION,6.8025518373596325,-0.03033035806369811,30
2687,STABILIZATION,-13.670267029272436,-1.0274068609872054,30
2688,STABILIZATION,2.086746456189421,0.2532232010274376,30
2689,STABILIZATION,-6.260319435418195,0.15031463964133326,30
2690,STABILIZATION,-5.942886054802595,0.14562855781950804,30
2691,STABILIZATION,3.968606876375564,-0.47972260913829906,30
2692,STABILIZATION,-4.946044030604828,-0.1828034938859045,30
2693,STABILIZATION,3.3857768360653906,0.12155992282226681,30
2694,STABILIZATION,-2.9446255546923537,0.13501402768676488,30
2695,STABILIZATION,-0.4973721001008728,0.1862045323343664,30
2696,STABILIZATION,-2.855154870691565,0.09092377407383631,30
2697,STABILIZATION,8.463504190108404,0.21007655430275368,30
2698,STABILIZATION,-8.533594259133949,-0.570649929808233,30
2699,STABILIZATION,0.6868363909927425,0.24014520468770684,30
2700,STABILIZATION,-17.041505024113174,-0.6066952109556826,30
2701,STABILIZATION,-9.257372431133742,-0.8508551897153152,30
2702,STABILIZATION,-6.1064510550260644,-0.7573185826906349,30
2703,STABILIZATION,5.196164802858002,0.1712809173958568,30
2704,STABILIZATION,-0.5712618264006695,-0.30699643647365693,30
2705,STABILIZATION,-3.749754547856043,-0.11476329931784048,30
2706,STABILIZATION,-0.21705983212910104,-0.3761616332956657,30
2707,STABILIZATION,-5.943418857094378,-0.049207164380382105,30
2708,STABILIZATION,-8.479599135260077,-0.43074057555678563,30
2709,STABILIZATION,-2.586039682683033,0.038786242276865064,30
2710,STABILIZATION,-3.776258577940425,-0.43343268666906665,30
2711,STABILIZATION,-2.7264254178864196,-0.30817120966399864,30
2712,STABILIZATION,4.928595930580928,0.0025541116758217206,30
2713,STABILIZATION,-10.714617204308277,-0.27401013716687894,30
2714,STABILIZATION,1.6690839724403037,-0.3641667622661395,30
2715,STABILIZATION,-12.063675675314443,-0.24329058068707923,30
2716,STABILIZATION,4.344855618197081,0.54131113903067,30
2717,STABILIZATION,6.1782970494041365,-0.040407513323613156,30
2718,STABILIZATION,1.9073945246115054,0.5802620317670107,30
2719,STABILIZATION,8.907813053618355,0.7317136467440962,30
2720,STABILIZATION,-1.7266986746540407,-0.2701991416100091,30
2721,STABILIZATION,-6.86425555543101,-0.02453936267630219,30
2722,STABILIZATION,9.720720713328015,0.2753222789314875,30
2723,STABILIZATION,-0.07889974901394554,-0.31766686781181547,30
2724,STABILIZATION,-1.4961672418311238,-0.10522708702519926,30
2725,STABILIZATION,-6.415904540352094,-0.22425370625410362,30
2726,STABILIZATION,2.2704695874556573,-0.26704045984354585,30
2727,STABILIZATION,-6.078083628732639,-0.15066866187271769,30
2728,STABILIZATION,-0.21939870952891322,-0.7639311022720197,30
2729,STABILIZATION,-2.4048068574414727,-0.30969561917939536,30
2730,STABILIZATION,-0.15887926864543442,-0.21896309706444875,30
2731,STABILIZATION,-2.7497845728757215,-0.11531481451228515,30
2732,STABILIZATION,5.305055932858846,-0.1501895007071477,30
2733,STABILIZATION,-2.5724149324274577,-0.3373292368612924,30
2734,STABILIZATION,-9.09540167366999,-0.5799109283890881,30
2735,STABILIZATION,-1.4790192973811895,0.07870014623763397,30
2736,STABILIZATION,0.13678837439410718,0.21259350269875862,30
2737,STABILIZATION,-2.0393880543362664,-0.44242512904006726,30
2738,STABILIZATION,-7.089957485525075,-0.8933599797824923,30
2739,STABILIZATION,-3.6307646331590178,-0.6002702636185016,30
2740,STABILIZATION,-1.7336011357084726,-0.20910496858524455,30
2741,STABILIZATION,-1.9907261699897774,-0.057383354164785,30
2742,STABILIZATION,-1.4416760311021604,0.08101363977042064,30
2743,STABILIZATION,8.524163133330426,-0.04212174294131345,30
2744,STABILIZATION,-7.700247690280679,-0.567473883150196,30
2745,STABILIZATION,1.260385158360937,-0.4012091306777511,30
2746,STABILIZATION,-1.5140065987986475,0.07262499516684724,30
2747,STABILIZATION,-1.0020809177330212,0.14521247127209136,30
2748,STABILIZATION,-7.604418157163126,-0.29767800102967557,30
2749,STABILIZATION,-6.639437238588263,-0.21133239553764535,30
2750,STABILIZATION,-3.7025265576494264,-0.0009350417274049357,30
2751,STABILIZATION,-2.1054029602503546,-0.11392054545456504,30
2752,STABILIZATION,-7.528300694720676,-0.64818698364305,30
2753,STABILIZATION,3.3641028801915773,0.6328248325089086,30
2754,STABILIZATION,0.9548654561553406,-0.2343003174406236,30
2755,STABILIZATION,-3.0088652439524246,-0.0005802005796022709,30
2756,STABILIZATION,-1.7545070385429942,-0.7784204324632394,30
2757,STABILIZATION,-1.9693731159607557,-0.2678796709813795,30
2758,STABILIZATION,0.8517459767995685,0.21871816535159055,30
2759,STABILIZATION,-5.736980761917425,-0.04789594467237483,30
2760,STABILIZATION,-0.6107733368586495,0.19767513761484967,30
2761,STABILIZATION,9.205183014517338,-0.7431764541220774,30
2762,STABILIZATION,-3.478465758243769,-0.16787120316969573,30
2763,STABILIZATION,-2.026651595326893,-0.12202887038038585,30
2764,STABILIZATION,-0.43773686704402753,-0.05556365330050002,30
2765,STABILIZATION,-3.2049952060142344,-0.12248418372777481,30
2766,STABILIZATION,2.2923601148618955,0.22753925417066398,30
2767,STABILIZATION,-2.7881296191039584,-0.06816631599559347,30
2768,STABILIZATION,6.232631109108633,0.34742927564137754,30
2769,STABILIZATION,8.217198071476782,0.2653923224133259,30
2770,STABILIZATION,2.4108456728810075,0.08077404228412206,30
2771,STABILIZATION,2.6471274669223206,0.17399077772776556,30
2772,STABILIZATION,4.415715499461116,0.4789092727358699,30
2773,STABILIZATION,3.6437643979175216,0.10035696909394601,30
2774,STABILIZATION,3.3084291370079035,0.443149616428497,30
2775,STABILIZATION,-7.262243737164096,-0.3316558500180175,30
2776,STABILIZATION,8.082883091229524,0.5785577603607273,30
2777,STABILIZATION,-8.91580213593976,0.06583555741519943,30
2778,STABILIZATION,-0.2685383305217958,-0.06762368672207147,30
2779,STABILIZATION,-9.521480489277806,-0.3389800877900862,30
2780,STABILIZATION,-2.293754575042289,-0.07117108034220478,30
2781,STABILIZATION,-7.714976501795091,-0.9177649099986183,30
2782,STABILIZATION,-1.426266510191018,-0.7114033651583871,30
2783,STABILIZATION,10.78665269982537,-0.07540112645172764,30
2784,STABILIZATION,-2.9254823304638458,0.12022376323474582,30
2785,STABILIZATION,-5.6778937278262,-0.36550811304058944,30
2786,STABILIZATION,-12.27441379174676,-0.8725817815464765,30
2787,STABILIZATION,-11.13559359126319,-1.1311137319109046,30
2788,STABILIZATION,6.937338216513061,0.324572428922383,30
2789,STABILIZATION,-3.9864973766367813,0.1258864370896464,30
2790,STABILIZATION,-4.525242827728296,-0.060242849741147346,30
2791,STABILIZATION,10.079106518315589,0.051557614856880436,30
2792,STABILIZATION,2.1545667129054253,0.19433637448798052,30
2793,STABILIZATION,4.011446993771301,0.017073871524464965,30
2794,STABILIZATION,-6.215846240215651,0.0010555012432535685,30
2795,STABILIZATION,-3.617802592901105,-1.3680680356901642,30
2796,STABILIZATION,10.129145098619626,0.48070892835241,30
2797,STABILIZATION,3.835856403224654,0.11639697846295306,30
2798,STABILIZATION,-3.2410882755486043,-0.15777652806113598,30
2799,STABILIZATION,-6.012353698675165,-0.30745407795389357,30
2800,STABILIZATION,-5.6367029181547705,-0.011590097882818595,30
2801,STABILIZATION,-3.78500580378249,0.064241427490164,30
2802,STABILIZATION,0.8751864983316653,-0.031015051136905947,30
2803,STABILIZATION,2.0180089982337606,0.04267770452192269,30
2804,STABILIZATION,-5.809741426243638,-0.39646059803981804,30
2805,STABILIZATION,-9.34305955883647,-0.3718740678081637,30
2806,STABILIZATION,2.48043914769954,0.3504144663560157,30
2807,STABILIZATION,-6.843546528084589,-0.17424965586377422,30
2808,STABILIZATION,11.113996511210814,0.3982673610200313,30
2809,STABILIZATION,-1.6262657560003813,-0.22157157682454678,30
2810,STABILIZATION,-0.19419143129717287,0.29371334745771954,30
2811,STABILIZATION,-0.03983533270465406,0.13682702923585566,30
2812,STABILIZATION,7.2220815589698475,0.3463685569179459,30
2813,STABILIZATION,-9.971756786098627,-0.7001234400372953,30
2814,STABILIZATION,-3.472220242115736,-0.07124866425622457,30
2815,STABILIZATION,-7.127477207844537,-0.4602804091665254,30
2816,STABILIZATION,-3.911799558960467,-0.23070403073586596,30
2817,STABILIZATION,-14.112259586127253,-2.0392277926469666,30
2818,STABILIZATION,1.3843862376103746,0.3062859027916944,30
2819,STABILIZATION,0.14460726380116518,0.15082435031734864,30
2820,STABILIZATION,4.985133015772621,0.3829730067240725,30
2821,STABILIZATION,2.4076493511337893,-0.2713226175151304,30
2822,STABILIZATION,2.989107151469555,-0.0746982832614707,30
2823,STABILIZATION,-5.82861296195057,-1.0146153945200644,30
2824,STABILIZATION,-15.752779045835256,-0.2473386570621295,30
2825,STABILIZATION,7.622529537359204,0.3633466937200373,30
2826,STABILIZATION,5.0800508514843825,0.40214381289595796,30
2827,STABILIZATION,2.4163372437159163,-0.22665069369831947,30
2828,STABILIZATION,-8.533399671414216,-1.043017403481131,30
2829,STABILIZATION,-6.717248583351577,-0.0822436246600646,30
2830,STABILIZATION,6.975203282973245,-0.7828488392465356,30
2831,STABILIZATION,-6.933930424170943,-0.13031180360786418,30
2832,STABILIZATION,-1.344758464218885,0.24151775927558444,30
2833,STABILIZATION,-3.4582111137912657,-0.3931046956436182,30
2834,STABILIZATION,6.172931155203243,-0.17013814836862712,30
2835,STABILIZATION,11.297968879671489,0.3493619285580393,30
2836,STABILIZATION,-3.6725048792350945,0.38083626345531274,30
2837,STABILIZATION,-4.865603418434092,-0.8751852609048835,30
2838,STABILIZATION,2.2635072816977324,0.01798243559327508,30
2839,STABILIZATION,-5.721436665392179,-0.4050578010968121,30
2840,STABILIZATION,-12.007700104302813,-1.343322747656538,30
2841,STABILIZATION,-6.49057095052943,-0.0005901967781666961,30
2842,STABILIZATION,-0.06191177238126222,0.01637210179090052,30
2843,STABILIZATION,1.1866761315976835,-0.009144351439293858,30
2844,STABILIZATION,7.445159293007823,0.42100740844475065,30
2845,STABILIZATION,9.045501701975297,0.10160692651950357,30
2846,STABILIZATION,0.5588737366786897,-0.28460062421928367,30
2847,STABILIZATION,1.9487236431875887,0.19700466598650707,30
2848,STABILIZATION,7.8511425311430685,0.5577229975449792,30
2849,STABILIZATION,8.294670803105193,-0.056945846444698724,30
2850,STABILIZATION,2.2590446226736147,0.3603670086142471,30
2851,STABILIZATION,-0.6255415814837401,0.05541568498085326,30
2852,STABILIZATION,-6.953914762238591,0.12085388048955847,30
2853,STABILIZATION,2.984180941065785,0.09656951105639408,30
2854,STABILIZATION,-3.203691695310661,-0.26532942187608255,30
2855,STABILIZATION,1.4490852609974871,0.19271253363251006,30
2856,STABILIZATION,9.937228776650047,0.6685338971550967,30
2857,STABILIZATION,2.6494621116425847,-0.1260851143119866,30
2858,STABILIZATION,-7.499569921502067,-0.3928022105571031,30
2859,STABILIZATION,-0.5902682555869444,-0.11343729779558823,30
2860,STABILIZATION,-0.9712720289069608,-0.6333404439736364,30
2861,STABILIZATION,2.1247566869538197,-0.9962731720679009,30
2862,STABILIZATION,0.13847422901034526,0.09596598288258314,30
2863,STABILIZATION,5.091997511419431,-0.0785124303805499,30
2864,STABILIZATION,1.8068544922757788,0.10906544021342016,30
2865,STABILIZATION,0.2594931264392417,-0.5367084374651849,30
2866,STABILIZATION,6.674140510495838,-0.11572482411528341,30
2867,STABILIZATION,-7.689938691902089,-0.7062100884313438,30
2868,STABILIZATION,3.473115564976501,0.13573684647411696,30
2869,STABILIZATION,0.6123362068383177,0.11111050487987992,30
2870,STABILIZATION,-4.2114348010729605,-0.3317563933726904,30
2871,STABILIZATION,-5.77985463549677,0.05396597888553944,30
2872,STABILIZATION,-7.1788591783612175,-0.738647512668481,30
2873,STABILIZATION,-4.462486348432498,-0.1565400255321104,30
2874,STABILIZATION,7.848283582763706,0.7127665919071703,30
2875,STABILIZATION,6.683715185103768,0.5064350801037542,30
2876,STABILIZATION,-0.23880675785399919,-0.2564041808545066,30
2877,STABILIZATION,-5.710231414679641,0.02736927116614908,30
2878,STABILIZATION,3.2692628016526646,0.19027495699922128,30
2879,STABILIZATION,7.059749426198288,-0.023502040874845094,30
2880,STABILIZATION,-10.096111383631118,-0.2797553184709523,30
2881,STABILIZATION,-15.31809760951036,-0.2865659969603429,30
2882,STABILIZATION,-5.703603427723611,-0.7871174402824163,30
2883,STABILIZATION,3.6068541069255504,-0.17451015577694126,30
2884,STABILIZATION,1.794619960365045,0.34182543002638455,30
2885,STABILIZATION,-1.1544257480284934,-0.03128494450065697,30
2886,STABILIZATION,9.068992381160413,0.5574663646409076,30
2887,STABILIZATION,-4.451528302541327,-0.5436780703189491,30
2888,STABILIZATION,-6.866570738270118,-0.014687460995337857,30
2889,STABILIZATION,2.7496507353388404,0.05746388791254294,30
2890,STABILIZATION,0.7548418671716537,-0.4058806692621409,30
2891,STABILIZATION,-5.240855184781759,-0.24428292824462272,30
2892,STABILIZATION,11.353816504602346,0.24918805045989761,30
2893,STABILIZATION,-2.66268846373937,0.10570792779421848,30
2894,STABILIZATION,-6.545660132731887,0.1935023269618892,30
2895,STABILIZATION,0.12060635392054957,-0.3694768674093805,30
2896,STABILIZATION,-4.797750151134249,-0.4519916931030815,30
2897,STABILIZATION,-2.524596167383653,-0.3474490009744669,30
2898,STABILIZATION,7.524843642952287,0.5365589006917592,30
2899,STABILIZATION,0.9090754578729172,-0.633818591604441,30
2900,STABILIZATION,-3.659969509338156,-0.04131660113869821,30
2901,STABILIZATION,-1.0972946366272964,0.25440460582816565,30
2902,STABILIZATION,-1.2399911917674014,-0.4862762220032307,30
2903,STABILIZATION,3.1321999284116324,-0.003833025149713502,30
2904,STABILIZATION,-5.017279489708513,0.02024979943939552,30
2905,STABILIZATION,22.545103571227298,0.42658790366798754,30
2906,STABILIZATION,8.514049273183296,0.5137982123411727,30
2907,STABILIZATION,1.6509865725824484,0.28130934473173996,30
2908,STABILIZATION,2.3113696225715477,0.21169581872835727,30
2909,STABILIZATION,-5.8773800666757126,-1.100044242791537,30
2910,STABILIZATION,-0.5830479632617894,-0.03194451333059038,30
2911,STABILIZATION,-3.185716983139614,-0.4198707102640283,30
2912,STABILIZATION,7.818714932878559,0.4147063114325816,30
2913,STABILIZATION,7.057719444747136,0.44253664299289697,30
2914,STABILIZATION,6.698000640604419,0.380014211260916,30
2915,STABILIZATION,4.4557347945831,-0.12414017996409603,30
2916,STABILIZATION,0.7609141822581994,-0.6337713597809085,30
2917,STABILIZATION,-2.5599829075760714,-0.11156830206495583,30
2918,STABILIZATION,-0.48727936392768173,-0.0853926814772299,30
2919,STABILIZATION,-0.9273076321582773,-0.11248343917002204,30
2920,STABILIZATION,-9.515367764409918,-0.316632048547455,30
2921,STABILIZATION,2.348330814848984,0.48985401161339676,30
2922,STABILIZATION,-15.40552867529334,-0.45631400678370954,30
2923,STABILIZATION,-9.118950555418616,-0.23713423502885406,30
2924,STABILIZATION,1.8348952286936693,0.04680840219428818,30
2925,STABILIZATION,-11.049605782811932,-0.2790690908095646,30
2926,STABILIZATION,10.092078074034605,0.22865578037450368,30
2927,STABILIZATION,-1.2637486155242135,-0.09954271593256854,30
2928,STABILIZATION,8.264341409477197,0.21878746776852476,30
2929,STABILIZATION,1.4412984597411258,0.42416715065198285,30
2930,STABILIZATION,-0.7190758050873917,0.13201619179152757,30
2931,STABILIZATION,1.2814632181799888,0.29771507869068103,30
2932,STABILIZATION,-14.20535902192449,-0.8584581218045019,30
2933,STABILIZATION,-12.020482912747896,-0.9182765689335558,30
2934,STABILIZATION,-5.758942773636067,-0.48525846867882866,30
2935,STABILIZATION,-10.250410903561962,-0.4244284791292257,30
2936,STABILIZATION,-5.240591928679629,0.027849577706434245,30
2937,STABILIZATION,0.6102899307147582,0.1356730570520766,30
2938,STABILIZATION,-3.0683910395722376,-0.42765916008649063,30
2939,STABILIZATION,-7.536453938417946,-0.42292151134707867,30
2940,STABILIZATION,-1.6563202893005284,0.02924242342440248,30
2941,STABILIZATION,-3.5253120990922278,-0.09129275671926881,30
2942,STABILIZATION,-1.0709826539943195,0.3363294519141185,30
2943,STABILIZATION,-11.27432786904884,-0.49312100822350574,30
2944,STABILIZATION,4.3196784664785275,0.21904518047508376,30
2945,STABILIZATION,-8.161170985373397,-0.20018061276319926,30
2946,STABILIZATION,-1.7938571262240635,0.5734702708707791,30
2947,STABILIZATION,3.6406650344760356,0.054393869091712184,30
2948,STABILIZATION,4.255388276187454,-0.04958005867714812,30
2949,STABILIZATION,4.52917449290408,0.042363701709636006,30
2950,STABILIZATION,0.040188192750006534,0.03306924950445267,30
2951,STABILIZATION,3.309001885684083,0.11859619926881686,30
2952,STABILIZATION,-1.1494828711471399,0.12623616623437467,30
2953,STABILIZATION,4.628588835454711,-0.22568964400771324,30
2954,STABILIZATION,0.2925851632141283,0.184966839264954,30
2955,STABILIZATION,1.3354358459865578,0.12990760717942368,30
2956,STABILIZATION,9.35696472994506,-0.11753507548036903,30
2957,STABILIZATION,-6.370926403038935,-0.31904212710473223,30
2958,STABILIZATION,0.49573673304966265,0.1154061087307752,30
2959,STABILIZATION,-2.4573391765493535,-0.11202671372747955,30
2960,STABILIZATION,5.84060540830335,0.32494962987008724,30
2961,STABILIZATION,9.003729782042413,0.3550664113637834,30
2962,STABILIZATION,-2.5454424297238987,-0.35872214732496527,30
2963,STABILIZATION,-5.257007041900222,-0.20748298918464914,30
2964,STABILIZATION,-6.025623486981869,-0.37237616330609113,30
2965,STABILIZATION,-5.100096356326228,-0.36872172253898905,30
2966,STABILIZATION,0.2577688090734238,-0.007187693205455151,30
2967,STABILIZATION,1.2923566801400812,-0.03558786123703888,30
2968,STABILIZATION,1.5648728481803529,0.005496635093977376,30
2969,STABILIZATION,4.409214526857149,0.36589858197482944,30
2970,STABILIZATION,-20.246962277399117,-1.5278097318044526,30
2971,STABILIZATION,6.7063925920018574,0.05818841875615422,30
2972,STABILIZATION,-5.256952929242928,0.2388576241381978,30
2973,STABILIZATION,0.13652583316877578,-0.020717305654640313,30
2974,STABILIZATION,8.515541599678691,0.22252875416288728,30
2975,STABILIZATION,-0.4201317526567251,0.008353110238311775,30
2976,STABILIZATION,10.497239408872,0.822071025637491,30
2977,STABILIZATION,2.63596631983805,-0.17710928103992246,30
2978,STABILIZATION,-5.78957887927353,-0.40856779524644504,30
2979,STABILIZATION,-6.71090536643903,-0.3025328820471836,30
2980,STABILIZATION,-14.847269348425662,-1.2926851536591177,30
2981,STABILIZATION,8.166582875218635,0.4449599523759814,30
2982,STABILIZATION,2.210658843526288,-0.0004118424752671768,30
2983,STABILIZATION,2.078878769911273,0.3322957030697946,30
2984,STABILIZATION,0.8996922885597685,0.34020159171314174,30
2985,STABILIZATION,9.3500514245103,0.1822813904247284,30
2986,STABILIZATION,6.430709797229075,0.2651890657703555,30
2987,STABILIZATION,1.7473726284590918,0.10681688196281494,30
2988,STABILIZATION,-1.9155223099690823,0.07060727757955734,30
2989,STABILIZATION,-6.702751962992357,-0.166420811200967,30
2990,STABILIZATION,-0.0310179828331897,0.2029788464861978,30
2991,STABILIZATION,-0.5997464995338188,0.27958528325163745,30
2992,STABILIZATION,3.441204966151846,0.11121629947838775,30
2993,STABILIZATION,7.730963631344647,0.6840814688212598,30
2994,STABILIZATION,-0.9532522796316343,0.001789761515948851,30
2995,STABILIZATION,10.053274478124692,0.733584724555133,30
2996,STABILIZATION,-2.7860966994182546,-0.06676328607509027,30
2997,STABILIZATION,-7.093047326343681,-0.2317283861646554,30
2998,STABILIZATION,4.771979981780103,0.12835503599205159,30
2999,STABILIZATION,-1.4757457506917748,0.23678796994582524,30
3000,STABILIZATION,1.6043665544541914,-0.16096560030229898,30
3001,STABILIZATION,-8.525491908969997,-0.3296801305017609,30
3002,STABILIZATION,-0.23063036643114204,0.06174718862683136,30
3003,STABILIZATION,9.713249461853517,0.44159618480286256,30
3004,STABILIZATION,-6.94265930329228,-0.5718651005780301,30
3005,STABILIZATION,1.9789280495480603,0.22425770032404177,30
3006,STABILIZATION,-4.162237830408602,-0.05973762343206704,30
3007,STABILIZATION,4.424370714651402,-0.38776295617700557,30
3008,STABILIZATION,-0.6370280406342586,-0.7960641721246784,30
3009,STABILIZATION,6.022828479933383,0.26440214019559005,30
3010,STABILIZATION,-9.882605564000398,-0.9101887656401016,30
3011,STABILIZATION,-1.5234317972462625,-0.5399847478358022,30
3012,STABILIZATION,-4.981090038183522,-0.005838471527343773,30
3013,STABILIZATION,2.93461239222956,-0.08765998729421447,30
3014,STABILIZATION,0.4572636889262846,0.1093508669900916,30
3015,STABILIZATION,-2.446310965283112,-0.0024274653041454226,30
3016,STABILIZATION,3.774268705196993,0.0935150950652916,30
3017,STABILIZATION,-3.5004762920273254,0.003617055928035177,30
3018,STABILIZATION,9.577061019303496,0.2527303428855693,30
3019,STABILIZATION,9.368543031535346,0.3456155791946128,30
3020,STABILIZATION,2.049738783654184,0.2813695828915693,30
3021,STABILIZATION,-6.483338661435192,-0.3672580769143021,30
3022,STABILIZATION,2.4835184993947834,-0.09305590386018671,30
3023,STABILIZATION,-12.070374216858612,-0.7456951433663779,30
3024,STABILIZATION,-14.224431489919432,-1.0331043049854214,30
3025,STABILIZATION,1.3941259183552641,0.17602232166995022,30
3026,STABILIZATION,12.338490411699809,0.5056168237052349,30
3027,STABILIZATION,-3.7208536687961917,0.01697795482549361,30
3028,STABILIZATION,1.9763542553732936,-0.01642958196145037,30
3029,STABILIZATION,-2.410582530592652,-1.1490685529137687,30
3030,STABILIZATION,-14.739514952076803,-1.1338737617279573,30
3031,STABILIZATION,-0.34630251234153364,0.22061450277821265,30
3032,STABILIZATION,1.342608291012223,-0.06023553782806446,30
3033,STABILIZATION,2.012948232636245,0.535654563039319,30
3034,STABILIZATION,-6.780529624543884,0.09596323723683922,30
3035,STABILIZATION,9.899582879016963,0.46374830542808243,30
3036,STABILIZATION,-0.18046449469010467,-0.042718764915834574,30
3037,STABILIZATION,12.324579557010756,0.18311613534143648,30
3038,STABILIZATION,-4.950554723027965,-0.30279232884884455,30
3039,STABILIZATION,0.5543656447858996,0.14140765885895532,30
3040,STABILIZATION,0.040547622238589195,0.18484932062912435,30
3041,STABILIZATION,-9.096099565225554,-0.36310063966083184,30
3042,STABILIZATION,5.0621384271052605,-0.3669314856694534,30
3043,STABILIZATION,-14.463630484075455,-0.675903194495652,30
3044,STABILIZATION,6.546047275458499,0.2247523698976984,30
3045,STABILIZATION,10.191477759524183,-0.04901172793260346,30
3046,STABILIZATION,3.979770227894114,0.19458428167487626,30
3047,STABILIZATION,-9.584930627665306,-0.39000327667068774,30
3048,STABILIZATION,-1.0411671436114467,-0.08333508472333821,30
3049,STABILIZATION,8.202320325888795,0.41335302608463576,30
3050,STABILIZATION,2.8800192245550518,0.1281009408156885,30
3051,STABILIZATION,-2.491052990170496,-0.002641734883076567,30
3052,STABILIZATION,6.466081942873084,0.3613543252153627,30
3053,STABILIZATION,1.408398281607099,0.07127804286345114,30
3054,STABILIZATION,-1.1068624989503757,-0.12445442249625392,30
3055,STABILIZATION,5.156673617946655,0.24043691395901662,30
3056,STABILIZATION,9.80876477854472,0.539634112381199,30
3057,STABILIZATION,-2.528098580268425,-0.8519034433247259,30
3058,STABILIZATION,-6.671586472642157,0.014282804308406257,30
3059,STABILIZATION,-9.591609028584003,-0.5990518113833155,30
3060,STABILIZATION,-2.3906868505307903,-0.31225058219021273,30
3061,STABILIZATION,-0.9441710498082436,-0.26573066275444074,30
3062,STABILIZATION,6.422870017563143,-0.16584644007304686,30
3063,STABILIZATION,-2.33738863226563,0.47280116170242287,30
3064,STABILIZATION,1.641221912937275,-0.2312344381759664,30
3065,STABILIZATION,8.757221681173444,0.2864506394088232,30
3066,STABILIZATION,-0.2755060447573125,-0.251159546080155,30
3067,STABILIZATION,-9.500173263012355,-0.18768199363435242,30
3068,STABILIZATION,-2.7166068791233737,0.13130188872501763,30
3069,STABILIZATION,-6.467503573791475,-0.31395816650883485,30
3070,STABILIZATION,0.03178113754606095,0.18583379434081002,30
3071,STABILIZATION,-5.9475642134893345,-0.3059519274936015,30
3072,STABILIZATION,10.860244159443337,0.6735669099440939,30
3073,STABILIZATION,-2.488485833636386,-0.2795427669005494,30
3074,STABILIZATION,4.502343600106848,0.4256423719311793,30
3075,STABILIZATION,-3.6859553709776662,-0.250295154271475,30
3076,STABILIZATION,0.45967984011327767,0.044571111727216346,30
3077,STABILIZATION,0.5911499264144424,-0.11432163211072398,30
3078,STABILIZATION,-3.756509741264135,0.1807755249764133,30
3079,STABILIZATION,-2.3638502664842638,0.20767582623324968,30
3080,STABILIZATION,-5.076755005548584,-0.2732271386611052,30
3081,STABILIZATION,-6.804182722826843,-0.29866068226508335,30
3082,STABILIZATION,-6.891686581970549,-0.06379765381970616,30
3083,STABILIZATION,-4.084545453201138,0.12221586912707828,30
3084,STABILIZATION,2.5464544075706192,0.44249448505413375,30
3085,STABILIZATION,-11.316714923735724,-0.28502346563182374,30
3086,STABILIZATION,7.673191011390629,0.4322104503866234,30
3087,STABILIZATION,9.174065004187751,0.2554331778541795,30
3088,STABILIZATION,-1.4622155729505693,-0.4073736316195199,30
3089,STABILIZATION,2.4367203221971248,0.31188124261779465,30
3090,STABILIZATION,-8.313261865805593,-0.7166929863537607,30
3091,STABILIZATION,2.026747153564732,0.1931934116263317,30
3092,STABILIZATION,-5.798577795385369,-0.14565280008094464,30
3093,STABILIZATION,10.752609901066217,0.39774706250512826,30
3094,STABILIZATION,-3.405939499697606,0.24011944684643677,30
3095,STABILIZATION,-7.721941306394038,-0.34398172218467654,30
3096,STABILIZATION,0.015535690856573765,-0.1660243162731217,30
3097,STABILIZATION,2.8274245664333235,0.20060549460127036,30
3098,STABILIZATION,10.00424278655808,0.5667490574267021,30
3099,STABILIZATION,-0.8187330830049603,0.25815060378037646,30
3100,STABILIZATION,-7.9132526517644415,-0.6885608257561816,30
3101,STABILIZATION,-1.1051868585030644,0.226829125959687,30
3102,STABILIZATION,-2.533724259816806,-0.8523215689709898,30
3103,STABILIZATION,-17.144085557630625,-1.211572430704271,30
3104,STABILIZATION,-0.9259825111847128,-0.14075202427966793,30
3105,STABILIZATION,4.511379568767462,-0.5870251616444687,30
3106,STABILIZATION,8.053519756926068,0.3643509526237175,30
3107,STABILIZATION,-5.355778729334647,-0.4139648917271435,30
3108,STABILIZATION,7.235295391698835,0.018087584295017903,30
3109,STABILIZATION,-9.885553393304804,-0.35782084576500156,30
3110,STABILIZATION,-1.4938182393963033,-0.075090696158707,30
3111,STABILIZATION,-4.092287571315622,-0.7638481017389661,30
3112,STABILIZATION,-10.289600688662642,-0.19685978497325643,30
3113,STABILIZATION,2.6360227719951026,0.10912481023986918,30
3114,STABILIZATION,7.169238555813289,-0.3620181090958126,30
3115,STABILIZATION,3.104721891399706,-0.8308058195893474,30
3116,STABILIZATION,-1.9687523356469563,0.08595248553684241,30
3117,STABILIZATION,2.8669755778690096,0.289078340885258,30
3118,STABILIZATION,-6.0181230605468095,-0.43792027915908244,30
3119,STABILIZATION,-6.3592986969171,-1.2951768492807199,30
3120,STABILIZATION,4.125314591231881,0.27698725961535864,30
3121,STABILIZATION,7.978967926709687,0.3390420986864905,30
3122,STABILIZATION,3.825557703130938,-0.12347953163623628,30
3123,STABILIZATION,2.7610068919405393,0.3500269682275633,30
3124,STABILIZATION,0.8498211418667182,0.08847623046901162,30
3125,STABILIZATION,-10.836856667469242,0.017808680940136472,30
3126,STABILIZATION,-17.096646826758946,-0.7267841207311425,30
3127,STABILIZATION,4.175335769382601,-0.0025607395929434064,30
3128,STABILIZATION,-2.504519166571979,-0.024709834057386183,30
3129,STABILIZATION,-0.7698086933825202,-0.2461115887896268,30
3130,STABILIZATION,-3.054281528390014,0.3420907096651963,30
3131,STABILIZATION,-9.765766317401258,-0.26525392276092247,30
3132,STABILIZATION,11.27648158115073,0.6292693974290012,30
3133,STABILIZATION,4.35488617871227,0.48895851721215605,30
3134,STABILIZATION,-0.53649887255277,0.40303409022770453,30
3135,STABILIZATION,-0.4889953822987432,0.5029259298427143,30
3136,STABILIZATION,-6.425130032336302,-0.30294029918718557,30
3137,STABILIZATION,-3.0933517392619674,0.22642788152777935,30
3138,STABILIZATION,4.847492926654243,0.17213978767904464,30
3139,STABILIZATION,-10.93483613631065,-0.035040394594249,30
3140,STABILIZATION,11.50152519302612,0.44666386876721365,30
3141,STABILIZATION,-4.577985241451786,0.0605506199121766,30
3142,STABILIZATION,3.279263722080955,0.4689224467529545,30
3143,STABILIZATION,1.9505820502835503,0.27506303503709434,30
3144,STABILIZATION,3.6173325282388062,0.2722553485100064,30
3145,STABILIZATION,6.481106358473805,0.1688704298339265,30
3146,STABILIZATION,17.873195473957566,0.550837718451032,30
3147,STABILIZATION,-1.6553674989719018,-0.6146278592819582,30
3148,STABILIZATION,-6.4625229178693315,0.09827186190337996,30
3149,STABILIZATION,8.589741770209741,-0.5941588704820596,30
3150,STABILIZATION,-2.6891271522495943,-0.5106730596020468,30
3151,STABILIZATION,-13.52570612359014,-0.7809760427609781,30
3152,STABILIZATION,9.981755654449426,0.2829090769682864,30
3153,STABILIZATION,-0.28025573209508736,0.14186919688925143,30
3154,STABILIZATION,2.0427753880363535,-0.23722174102934943,30
3155,STABILIZATION,-5.308381369775674,-0.3722561074624886,30
3156,STABILIZATION,-5.812204187946151,-0.7694259006183773,30
3157,STABILIZATION,4.422273126392838,0.09703728390024476,30
3158,STABILIZATION,-8.730158808933252,-0.11841089099344346,30
3159,STABILIZATION,2.239776531835771,-0.07569045767969312,30
3160,STABILIZATION,-1.0438985968855299,0.08629160732861502,30
3161,STABILIZATION,-3.0586375490725093,-0.2960998048259649,30
3162,STABILIZATION,4.500219781844817,0.2369944038843796,30
3163,STABILIZATION,-0.8923313813475932,0.3065194714200427,30
3164,STABILIZATION,1.8895080473225097,0.13737263226025043,30
3165,STABILIZATION,11.451116090231194,0.4306206594712582,30
3166,STABILIZATION,-6.656833703181385,-0.4349852953184141,30
3167,STABILIZATION,11.589437487752228,0.2665392506008122,30
3168,STABILIZATION,12.958104514109952,0.4943131116988778,30
3169,STABILIZATION,4.145883108195965,0.29793815844344473,30
3170,STABILIZATION,-0.1955374572262626,0.050382897796693984,30
3171,STABILIZATION,12.836628997257437,0.6595865774578741,30
3172,STABILIZATION,0.06884982017692545,-0.0004954319066040627,30
3173,STABILIZATION,-7.514240356633326,-1.0709689452809905,30
3174,STABILIZATION,-0.9323612030167546,-0.5080855089067042,30
3175,STABILIZATION,-3.2030171029041985,-0.03130232328371349,30
3176,STABILIZATION,-1.8327618781606283,0.1282759806500045,30
3177,STABILIZATION,6.302951155990096,0.28268375681035673,30
3178,STABILIZATION,0.3240684385553668,0.21831929725158272,30
3179,STABILIZATION,5.658867571233114,-0.6964533006788903,30
3180,STABILIZATION,7.890098018157285,0.08633539674192532,30
3181,STABILIZATION,-8.17587440992954,-0.4409556011851341,30
3182,STABILIZATION,3.0286817127790364,0.16117345734840433,30
3183,STABILIZATION,-9.70658157519644,-0.1642909964599067,30
3184,STABILIZATION,-2.3314118977201255,-0.5846460890051469,30
3185,STABILIZATION,4.895751475619578,-0.0844806915763586,30
3186,STABILIZATION,8.2362356969561,0.3421073091192876,30
3187,STABILIZATION,-10.188542950463422,-0.9671126540411429,30
3188,STABILIZATION,-4.363490773150078,-1.7685042181072916,30
3189,STABILIZATION,-9.528301476166817,-0.053735389554644866,30
3190,STABILIZATION,5.144908904238364,0.3343463020355324,30
3191,STABILIZATION,1.653009947446397,0.1213102157738797,30
3192,STABILIZATION,-9.879192805527225,-0.35271266423621533,30
3193,STABILIZATION,-2.026420500179784,-0.2125989855126316,30
3194,STABILIZATION,-12.806501815008662,-0.15836764165205608,30
3195,STABILIZATION,-0.20896536742999167,0.08610178491709422,30
3196,STABILIZATION,4.9893073949840545,0.06495470324846692,30
3197,STABILIZATION,-7.814628913033497,-0.29000689495223725,30
3198,STABILIZATION,-3.6092575786344487,-0.36603682962948286,30
3199,STABILIZATION,-2.773446936709119,-0.048237907362305744,30
3200,STABILIZATION,0.4906337279570362,0.01108541155876455,30
3201,STABILIZATION,7.02551579298162,0.2085606126187432,30
3202,STABILIZATION,10.247254243059121,0.027030521089228956,30
3203,STABILIZATION,5.011793698008532,0.1449914952433211,30
3204,STABILIZATION,1.5029509847937812,0.10930375647085366,30
3205,STABILIZATION,10.009258099836355,0.3290267397435594,30
3206,STABILIZATION,9.540967347283615,0.5429953018713164,30
3207,STABILIZATION,5.914093316501827,0.25426558266800214,30
3208,STABILIZATION,5.373942832836967,0.2569881796073901,30
3209,STABILIZATION,-9.1672388228869,-0.5848642803010444,30
3210,STABILIZATION,-9.12326704419925,-0.12468976801213823,30
3211,STABILIZATION,6.22012734825449,0.40232694061889623,30
3212,STABILIZATION,-4.876243559717411,-0.8215524750128658,30
3213,STABILIZATION,-4.708286639605874,-0.006238309872735747,30
3214,STABILIZATION,-1.4415095937876654,0.022165010478208704,30
3215,STABILIZATION,-1.981049753353276,0.000658056579418916,30
3216,STABILIZATION,-3.626738901358602,-0.20546473459197032,30
3217,STABILIZATION,-7.0729291036991,0.1659624720663352,30
3218,STABILIZATION,-3.5857127853938344,-0.37174621205251807,30
3219,STABILIZATION,2.451479108434524,0.17862006133284136,30
3220,STABILIZATION,-2.57321754391024,0.08572563950336981,30
3221,STABILIZATION,10.355796202064075,0.31682629356224273,30
3222,STABILIZATION,-5.672790428421281,-0.22521606179604214,30
3223,STABILIZATION,-7.900998848569512,-0.5611687610645518,30
3224,STABILIZATION,-4.14819778195714,-0.8650119348446205,30
3225,STABILIZATION,4.321088197054802,0.06441895557771309,30
3226,STABILIZATION,-4.427358352922992,-0.7099135044028441,30
3227,STABILIZATION,0.7653205855918208,-0.34245523559829194,30
3228,STABILIZATION,-4.955423454333862,-0.4048974138833953,30
3229,STABILIZATION,-9.635568130884016,-0.3775232440333077,30
3230,STABILIZATION,-1.7553099002433485,0.09740437348356237,30
3231,STABILIZATION,-3.2070779449458313,0.412526050361336,30
3232,STABILIZATION,-4.052152864016164,-0.4141088628952172,30
3233,STABILIZATION,3.0859836660857156,-0.3317725632582916,30
3234,STABILIZATION,-3.1229131960722043,-0.341951907544132,30
3235,STABILIZATION,-3.003166722535704,-0.13193490864567092,30
3236,STABILIZATION,-3.6121123064085054,0.05582268435275141,30
3237,STABILIZATION,-6.04571342228672,-0.09220708051009255,30
3238,STABILIZATION,-2.2871737598275677,-0.11982262310755616,30
3239,STABILIZATION,-6.90882460478879,-0.5681381962987815,30
3240,STABILIZATION,-13.479290812983535,-0.0828526932192247,30
3241,STABILIZATION,-0.8984316362432148,0.5961552532048591,30
3242,STABILIZATION,-17.78393122914742,-1.2836269696040297,30
3243,STABILIZATION,-8.782877426919528,-0.7794099041181911,30
3244,STABILIZATION,-7.627817433428579,-0.6012324804331736,30
3245,STABILIZATION,-4.374488117441054,-0.3958763345948714,30
3246,STABILIZATION,-7.670508173582801,-0.23310728196310324,30
3247,STABILIZATION,4.511213908204497,0.13449050768897955,30
3248,STABILIZATION,-3.9511211560515975,-1.1482767116707642,30
3249,STABILIZATION,-2.1377251264359063,-0.15099570318592767,30
3250,STABILIZATION,3.890757798957843,0.29256064142476035,30
3251,STABILIZATION,4.814494848018507,0.15199471290982172,30
3252,STABILIZATION,11.708896476618753,0.5552972582413332,30
3253,STABILIZATION,-2.161916616075512,-0.23987776126112964,30
3254,STABILIZATION,-3.39428546545953,-0.14997531565459485,30
3255,STABILIZATION,-5.222318351719516,-0.24775228844492841,30
3256,STABILIZATION,-14.480270920561559,-0.44667272300334077,30
3257,STABILIZATION,-4.18621772589198,-0.120601951986664,30
3258,STABILIZATION,-7.53588811734799,-0.15175126022731922,30
3259,STABILIZATION,-2.048586357267395,-0.38034268222176715,30
3260,STABILIZATION,5.290660847274916,0.5928035394379455,30
3261,STABILIZATION,-11.061738101466116,-0.5881312737602572,30
3262,STABILIZATION,-1.3488246574600047,-0.41294831233555873,30
3263,STABILIZATION,14.704121991065318,-0.06123571744403045,30
3264,STABILIZATION,3.066268208539888,0.2547396145676127,30
3265,STABILIZATION,-13.335211575913261,-0.31628345285210985,30
3266,STABILIZATION,-7.006958253920951,-0.41171250378356905,30
3267,STABILIZATION,5.153962146759741,0.10811630259393673,30
3268,STABILIZATION,-3.7949773383932706,-0.08202028063753834,30
3269,STABILIZATION,7.714438601130795,0.15200781872479713,30
3270,STABILIZATION,6.087654807283365,-0.03184208747843664,30
3271,STABILIZATION,-11.97441885798425,-0.46314491721401513,30
3272,STABILIZATION,-3.169640694919582,-0.06158870367483127,30
3273,STABILIZATION,-1.1089366583783924,-0.02695567102415004,30
3274,STABILIZATION,14.971514141516199,0.18670271931685706,30
3275,STABILIZATION,10.454473061273525,0.10820741262880838,30
3276,STABILIZATION,0.2509686239789837,0.07791854768795507,30
3277,STABILIZATION,1.2243573242684995,-0.04514453074488743,30
3278,STABILIZATION,3.45589441506154,0.26590609953715744,30
3279,STABILIZATION,-7.448112135427679,-0.19122615154698858,30
3280,STABILIZATION,3.6805146373347064,-0.035979910147611795,30
3281,STABILIZATION,-11.71281088865585,-0.5392519702953177,30
3282,STABILIZATION,-4.172142909019919,-0.24136868191689603,30
3283,STABILIZATION,-8.028223719732956,-0.010752550626198154,30
3284,STABILIZATION,2.9393129224478476,0.38583824148176993,30
3285,STABILIZATION,19.87423354788253,-0.5735974413896356,30
3286,STABILIZATION,-2.0462577542899236,-0.0458006630976004,30
3287,STABILIZATION,9.767260152148863,-0.08399872417130304,30
3288,STABILIZATION,-3.927283839234734,0.2632434245770045,30
3289,STABILIZATION,-2.9010620851052016,-0.4752108411717685,30
3290,STABILIZATION,-0.509835652626195,0.10893460975049167,30
3291,STABILIZATION,5.143229205372986,0.4693159149126135,30
3292,STABILIZATION,-3.3393268193245778,-0.10323947007375776,30
3293,STABILIZATION,14.308407052507473,0.861458066244704,30
3294,STABILIZATION,-11.274117674188494,-0.2928719272348767,30
3295,STABILIZATION,3.4181564721327353,0.11912553186026205,30
3296,STABILIZATION,4.041873680005717,0.3519152212798783,30
3297,STABILIZATION,5.514778376804425,0.5611785816815885,30
3298,STABILIZATION,-3.6148272916716504,-0.152898064548505,30
3299,STABILIZATION,-10.877281229366702,-0.668709689950065,30
3300,STABILIZATION,-9.974059379928343,-0.8401303812582019,30
3301,STABILIZATION,8.357146197893506,0.7319499186434769,30
3302,STABILIZATION,-4.3064375816556515,-0.23419295004275517,30
3303,STABILIZATION,-7.181840952108724,-0.14565765751549278,30
3304,STABILIZATION,-8.397046079025579,-0.3030402257438331,30
3305,STABILIZATION,-14.432346042160031,-1.146658311955809,30
3306,STABILIZATION,-9.552101625026406,-0.3958491321955151,30
3307,STABILIZATION,-1.4600535143103455,0.20354084659029467,30
3308,STABILIZATION,0.21892736947105546,0.20525490939385554,30
3309,STABILIZATION,-3.464541581266801,0.48612694954789515,30
3310,STABILIZATION,-0.866762317470281,-0.21380416709387395,30
3311,STABILIZATION,-8.779404320999458,-0.10548565143787822,30
3312,STABILIZATION,-9.876543207724122,-0.5532887545701513,30
3313,STABILIZATION,1.8919537304513987,0.2503052013902596,30
3314,STABILIZATION,-3.9219553737155723,0.12521718540268173,30
3315,STABILIZATION,3.1588411365248374,0.2403331410558004,30
3316,STABILIZATION,0.34406457469165885,-0.25147040119661895,30
3317,STABILIZATION,1.850451786057403,0.12768122214923638,30
3318,STABILIZATION,0.5508989558886737,0.5049888621746076,30
3319,STABILIZATION,10.9778297253466,-0.07206265370536871,30
3320,STABILIZATION,8.996645917413174,0.5421831900637285,30
3321,STABILIZATION,6.8071538898274255,0.2950560391807455,30
3322,STABILIZATION,-11.677662267321857,-0.08511068878536203,30
3323,STABILIZATION,2.982077894297051,-0.19448736062531366,30
3324,STABILIZATION,-0.7815098906690275,0.194612229385511,30
3325,STABILIZATION,0.43674446441092807,0.03274834298224241,30
3326,STABILIZATION,-7.199735768863668,-0.548875458048239,30
3327,STABILIZATION,-6.374552257504235,-0.2201278971466339,30
3328,STABILIZATION,-4.347645723210753,-0.20847291901965564,30
3329,STABILIZATION,0.49841282593026964,-0.19683791317988072,30
3330,STABILIZATION,2.6588729112951106,0.1662190714179141,30
3331,STABILIZATION,0.7344080743010812,-0.12752180696232068,30
3332,STABILIZATION,-2.8841532562367593,-0.5014456590465899,30
3333,STABILIZATION,-1.7305672892619504,-0.09773231584313104,30
3334,STABILIZATION,5.270021393122937,0.24098674010780868,30
3335,STABILIZATION,0.6687690940117684,0.17406036800862906,30
3336,STABILIZATION,-8.198228078129963,-0.5227381726654202,30
3337,STABILIZATION,-10.80016790436464,-0.15942761362209906,30
3338,STABILIZATION,-7.253350089394653,-0.3929800274997665,30
3339,STABILIZATION,9.78149136157483,0.5022556178237725,30
3340,STABILIZATION,-4.350227957656371,0.11317340989975987,30
3341,STABILIZATION,-10.906595705797004,0.22404767003262466,30
3342,STABILIZATION,3.5643236310623783,-0.041742575739611223,30
3343,STABILIZATION,-5.667374121942025,0.3801811461137386,30
3344,STABILIZATION,-3.0724021442559795,0.07575193575209692,30
3345,STABILIZATION,-5.161589924019132,0.17543973823671466,30
3346,STABILIZATION,-0.05125755867791339,-0.6372202028749087,30
3347,STABILIZATION,3.743332863291101,0.3426263588002513,30
3348,STABILIZATION,0.17900342836086802,0.16388214573757828,30
3349,STABILIZATION,1.6729712427486747,0.25678395669106846,30
3350,STABILIZATION,1.9018591730410166,0.33490361792904155,30
3351,STABILIZATION,12.82408948724754,1.0242889397184982,30
3352,STABILIZATION,2.8847505580324277,0.5921584217020759,30
3353,STABILIZATION,-1.574192122421572,0.17212815593216313,30
3354,STABILIZATION,-0.7804671490747095,-0.26932290382635327,30
3355,STABILIZATION,-7.1323626915878915,-0.44582826100627376,30
3356,STABILIZATION,-6.802738076780423,-0.45397877476501225,30
3357,STABILIZATION,1.854386452598026,0.48546184138167303,30
3358,STABILIZATION,0.07813499852764111,-0.16279885875368916,30
3359,STABILIZATION,-1.7267910462993836,-0.11592067905396651,30
3360,STABILIZATION,6.105004728721555,0.15306172813931798,30
3361,STABILIZATION,4.558968761174007,0.366870225715077,30
3362,STABILIZATION,-1.7195946784313914,-0.08145856006767233,30
3363,STABILIZATION,1.6206481408793187,0.21163456499196462,30
3364,STABILIZATION,-9.893962720214763,-0.1540716968727123,30
3365,STABILIZATION,7.035240179619926,0.3596636380827883,30
3366,STABILIZATION,1.7043862225794855,0.21529985537267132,30
3367,STABILIZATION,-10.939995493454024,-0.6010377791658407,30
3368,STABILIZATION,-4.783146478901764,-0.11529877083109473,30
3369,STABILIZATION,-6.094477168066413,-0.1369718282574722,30
3370,STABILIZATION,0.9071946895206837,-0.07152634098224271,30
3371,STABILIZATION,4.906285098273556,0.5279760924636069,30
3372,STABILIZATION,5.075144089695045,0.2027482303602768,30
3373,STABILIZATION,-3.3931181806328348,0.13635280108955597,30
3374,STABILIZATION,-3.986411515969293,-0.09259025012316077,30
3375,STABILIZATION,6.450878463141592,0.3259895399372508,30
3376,STABILIZATION,-6.746577130738716,-0.5846261881446037,30
3377,STABILIZATION,-3.078748203960006,0.09917181994068833,30
3378,STABILIZATION,-7.36339792289819,-0.1949286330757076,30
3379,STABILIZATION,10.895414853662277,0.3318422295696598,30
3380,STABILIZATION,-3.4980439379563832,0.44497518525979207,30
3381,STABILIZATION,4.238411615833058,0.39453685334533867,30
3382,STABILIZATION,0.5874558783048783,0.08871758678522275,30
3383,STABILIZATION,6.216269257546524,0.25779297314086275,30
3384,STABILIZATION,2.320005639100519,0.2693695685801668,30
3385,STABILIZATION,-1.266319609943942,0.38882556579380884,30
3386,STABILIZATION,-8.940470853468629,-1.0442049073807889,30
3387,STABILIZATION,7.455108245593185,-0.032857801331376044,30
3388,STABILIZATION,2.1263715178753637,-0.05528149152412724,30
3389,STABILIZATION,5.692893789883717,0.3077327409336074,30
3390,STABILIZATION,-24.75969392599234,-0.6217773183239239,30
3391,STABILIZATION,7.703690566808358,-0.056119939779001,30
3392,STABILIZATION,1.6569011169661738,0.12713168637105818,30
3393,STABILIZATION,3.2665106260536962,-0.5279058790089388,30
3394,STABILIZATION,-3.736234606054536,0.21443838511901447,30
3395,STABILIZATION,1.0137440332347871,-0.04206826105320807,30
3396,STABILIZATION,2.15950430344124,0.42146725745758234,30
3397,STABILIZATION,2.8904351873493455,-0.1886699356681011,30
3398,STABILIZATION,-5.473414028402246,-0.4041751953804223,30
3399,STABILIZATION,-1.1173960127946736,0.021985319160786283,30
3400,STABILIZATION,-0.467067586413824,0.00019853264084856068,30
3401,STABILIZATION,-7.6629293633873035,-0.32114085896748407,30
3402,STABILIZATION,1.7553208667547462,-0.2648995663901434,30
3403,STABILIZATION,-6.146002624410864,0.129874654711017,30
3404,STABILIZATION,6.017732962643246,0.297382902212868,30
3405,STABILIZATION,9.926176939315075,0.5925435739565555,30
3406,STABILIZATION,-12.886617588939709,-1.0779158472159172,30
3407,STABILIZATION,-8.9063599592799,-0.16321867551605088,30
3408,STABILIZATION,5.585544899256843,0.07281531580301943,30
3409,STABILIZATION,-1.5104252667229447,-0.04894238797705557,30
3410,STABILIZATION,-1.6100551689521079,0.24647644069977334,30
3411,STABILIZATION,-2.263004999672246,0.32977638857850017,30
3412,STABILIZATION,6.459681464429119,-0.4488022250885504,30
3413,STABILIZATION,4.855910192922839,0.3378358193069712,30
3414,STABILIZATION,-3.9631273651872423,-0.05865233732240479,30
3415,STABILIZATION,4.37289672090447,0.2732223877938322,30
3416,STABILIZATION,-7.8910054263025,-0.8478722771212457,30
3417,STABILIZATION,8.185053568105635,0.19070156809594419,30
3418,STABILIZATION,-5.2185046023184,-0.23009368084170922,30
3419,STABILIZATION,-10.026831664909666,-0.936240047872411,30
3420,STABILIZATION,2.3594214596791785,-0.4052901965908059,30
3421,STABILIZATION,0.34075806314131557,-0.5255980127811948,30
3422,STABILIZATION,0.12905291383165202,0.17043163029321107,30
3423,STABILIZATION,-0.8848374085316665,0.08363682311026024,30
3424,STABILIZATION,8.772563240505116,0.453049029084387,30
3425,STABILIZATION,-0.3601194464491462,0.20951866206949027,30
3426,STABILIZATION,-13.080139765332682,-1.0831199003437846,30
3427,STABILIZATION,-1.4556015411646792,0.19627896079864507,30
3428,STABILIZATION,-1.376353798015754,-0.03620558803667568,30
3429,STABILIZATION,1.8545261922773912,-0.7527829811158033,30
3430,STABILIZATION,-2.8132844303211053,0.028191426776390423,30
3431,STABILIZATION,9.355743019359185,0.26510841111505035,30
3432,STABILIZATION,-2.7165517464176965,-0.4200819833077833,30
3433,STABILIZATION,6.704998202435256,-0.15204067599232485,30
3434,STABILIZATION,-1.1738586145068457,-0.23751739536587688,30
3435,STABILIZATION,-3.949538597030566,-0.23888702166327438,30
3436,STABILIZATION,-7.370114962455565,-0.2830311806302175,30
3437,STABILIZATION,-13.090246506672573,-0.4411816110228251,30
3438,STABILIZATION,17.44972815428734,0.7344303174651102,30
3439,STABILIZATION,3.5913354300418145,0.29625799559365545,30
3440,STABILIZATION,-6.550239899360932,-0.2650638435603723,30
3441,STABILIZATION,-4.15311916408946,-0.0233839936775546,30
3442,STABILIZATION,-11.03780034752199,-0.9625261659918032,30
3443,STABILIZATION,-5.293660945969218,-0.482508408902071,30
3444,STABILIZATION,3.74001975450654,0.09135409008601707,30
3445,STABILIZATION,0.37035026226693224,0.004885028368841985,30
3446,STABILIZATION,-6.850119640135059,-0.327013946329248,30
3447,STABILIZATION,-3.2295800379005337,0.3220357010436491,30
3448,STABILIZATION,17.401139419163858,0.24076683487657982,30
3449,STABILIZATION,-9.327108553437006,-0.9215719227315461,30
3450,STABILIZATION,-3.0406938163199397,-0.02308546321954037,30
3451,STABILIZATION,-6.082379805970468,-0.9242773328436811,30
3452,STABILIZATION,3.108965359414036,0.26659565363056,30
3453,STABILIZATION,6.208456902280837,-0.0513203172511058,30
3454,STABILIZATION,-10.297146230398951,-1.0775938429145822,30
3455,STABILIZATION,-2.035073613976153,0.1224271609431832,30
3456,STABILIZATION,1.5103267867794108,0.05279296960800816,30
3457,STABILIZATION,1.1090367749507564,0.026321770489649985,30
3458,STABILIZATION,-13.30864678784108,-0.3853995828313806,30
3459,STABILIZATION,1.0647954292532,0.015287819964084678,30
3460,STABILIZATION,-2.017944217457387,-0.1498839372816733,30
3461,STABILIZATION,6.480437278085679,0.6008389245829509,30
3462,STABILIZATION,3.09587684642988,0.37741903054360254,30
3463,STABILIZATION,1.2747233766435362,0.1562552650738154,30
3464,STABILIZATION,10.459497143767187,0.6172605167437342,30
3465,STABILIZATION,-1.5795230602668757,-0.03175434304713096,30
3466,STABILIZATION,-4.054528939801419,-0.4333034643629662,30
3467,STABILIZATION,-1.7487690121101327,0.04907606680915106,30
3468,STABILIZATION,-0.23315560498333496,0.12804977540979484,30
3469,STABILIZATION,0.926381670992414,-0.476716602758443,30
3470,STABILIZATION,10.45455825012504,0.5514264217189477,30
3471,STABILIZATION,-0.8651689181869427,-0.31385220125493707,30
3472,STABILIZATION,-10.161656585638516,0.06367391551808008,30
3473,STABILIZATION,-9.84197408261785,-0.9794440662169396,30
3474,STABILIZATION,-11.611430937815014,-1.0298284865722742,30
3475,STABILIZATION,6.3135305032534434,0.9379539944267233,30
3476,STABILIZATION,-12.368246491340741,-0.38785975126431016,30
3477,STABILIZATION,-1.289753040082525,0.32481027296077125,30
3478,STABILIZATION,10.494322811905592,0.39385939375585094,30
3479,STABILIZATION,-0.3269705368412543,0.25484609915453915,30
3480,STABILIZATION,-8.680574046953922,0.007742182446851468,30
3481,STABILIZATION,1.990228212482361,0.15635660703214072,30
3482,STABILIZATION,-3.3953144860683144,0.24126112443503506,30
3483,STABILIZATION,-12.487324058692474,-0.5467688868636663,30
3484,STABILIZATION,-15.21161239682603,-0.38709584066346164,30
3485,STABILIZATION,-1.0330442626443166,-0.3107898357125408,30
3486,STABILIZATION,6.67670689669147,0.3501099506142446,30
3487,STABILIZATION,1.1842630191283237,0.3181768433939531,30
3488,STABILIZATION,9.150486502781026,0.3139281050949479,30
3489,STABILIZATION,-0.41658110293683587,0.06815981928530929,30
3490,STABILIZATION,-3.0751431643746208,-0.516819223972864,30
3491,STABILIZATION,-8.396678702952913,-0.5393479855163402,30
3492,STABILIZATION,-1.4340929281183448,-0.5509960768667523,30
3493,STABILIZATION,-2.2498795346246974,-0.08106557833361679,30
3494,STABILIZATION,-7.1758540618991224,-0.14719207704761048,30
3495,STABILIZATION,-8.299776126583755,-0.22904129595175843,30
3496,STABILIZATION,-3.9877110457466602,0.06194986996834733,30
3497,STABILIZATION,20.429454679969318,0.466656435009997,30
3498,STABILIZATION,-15.854989438856732,-0.9256299103231984,30
3499,STABILIZATION,-6.746760640765342,-0.21955275105040967,30
3500,STABILIZATION,3.9394631738466455,0.006266176705028966,30
3501,STABILIZATION,-6.652542221082007,-0.7080733243186867,30
3502,STABILIZATION,1.1158932995410895,-0.8020382807641774,30
3503,STABILIZATION,6.798455261947434,0.2697720930639432,30
3504,STABILIZATION,9.62509855360821,0.3162099977385631,30
3505,STABILIZATION,10.383022862719654,0.37040849820948035,30
3506,STABILIZATION,-1.2752614639223723,-0.25592991485028155,30
3507,STABILIZATION,-7.666670070655794,-0.924689050039804,30
3508,STABILIZATION,-1.8022525679390473,0.16508492176206796,30
3509,STABILIZATION,-6.342343665315836,-0.26777393063238425,30
3510,STABILIZATION,-4.27272077231219,-0.10767232452188695,30
3511,STABILIZATION,1.9510969869876682,0.3284131033551254,30
3512,STABILIZATION,2.889174837587635,0.20253172463531524,30
3513,STABILIZATION,-1.5570453568524811,-0.39417272625427985,30
3514,STABILIZATION,5.547569836479214,0.26219877951025705,30
3515,STABILIZATION,-5.799098371130399,-0.5046096014198829,30
3516,STABILIZATION,8.371224190328324,0.10791713807656554,30
3517,STABILIZATION,-5.09479417873079,-0.13236795295425582,30
3518,STABILIZATION,0.01296445098912969,0.31399149382849817,30
3519,STABILIZATION,1.7070557689034271,0.23501101510146954,30
3520,STABILIZATION,-9.008494386233926,-0.25495333947665233,30
3521,STABILIZATION,4.798996190256435,-0.29951143671598096,30
3522,STABILIZATION,6.329011548841449,0.04983419362108258,30
3523,STABILIZATION,2.6137720906342925,0.32107872992547176,30
3524,STABILIZATION,-4.280390092424199,-1.760475537189253,30
3525,STABILIZATION,-6.255836392202999,0.06835569189491872,30
3526,STABILIZATION,-4.4294685053429355,-0.19440604312814472,30
3527,STABILIZATION,0.01990875917538521,0.06979975051962199,30
3528,STABILIZATION,-5.549524029872421,-0.28558218040017197,30
3529,STABILIZATION,-4.7388396978349405,-0.2674785767709928,30
3530,STABILIZATION,-14.061760159119935,-0.7661128437988687,30
3531,STABILIZATION,0.40302302922406946,0.16795675101365842,30
3532,STABILIZATION,-5.567306068764491,0.11961480718708566,30
3533,STABILIZATION,-0.7481572955131681,0.15166585117794326,30
3534,STABILIZATION,-2.614796861468245,-0.21504513086521354,30
3535,STABILIZATION,5.052535757676566,0.404410848982403,30
3536,STABILIZATION,-7.0418348786623755,-0.501860528304582,30
3537,STABILIZATION,3.7503435425129896,0.3304268149010599,30
3538,STABILIZATION,4.329748706324826,0.3306445187645268,30
3539,STABILIZATION,3.4047685643124876,0.29697792514668037,30
3540,STABILIZATION,-6.282275657897022,-0.23468240041382718,30
3541,STABILIZATION,1.5731339562279842,-0.296165168932346,30
3542,STABILIZATION,-11.231508604242668,-0.856142871373201,30
3543,STABILIZATION,2.427779827999952,0.19036806826175573,30
3544,STABILIZATION,4.760431996454786,0.40591071220791847,30
3545,STABILIZATION,0.2501395375257998,-0.14630087333896163,30
3546,STABILIZATION,-2.110604099242447,-0.6893747733982398,30
3547,STABILIZATION,-2.0309686472152566,0.13374146687614755,30
3548,STABILIZATION,-12.197664381818319,-1.2616038283193718,30
3549,STABILIZATION,1.013905372299947,-0.03484245755891912,30
3550,STABILIZATION,2.687854867324955,-0.0775440257822782,30
3551,STABILIZATION,-9.031769639463866,-0.2186751868842614,30
3552,STABILIZATION,3.2650473563833593,0.3314391942502759,30
3553,STABILIZATION,-1.4760420445123361,-0.02159159060415326,30
3554,STABILIZATION,-4.156510365879322,-0.33675024149145893,30
3555,STABILIZATION,3.200631799760527,0.23953397529379433,30
3556,STABILIZATION,1.081736701732816,0.42665042312289414,30
3557,STABILIZATION,-0.5421966758869988,0.37781767051939436,30
3558,STABILIZATION,-3.415825883576542,-0.4056878658432641,30
3559,STABILIZATION,3.4094879893383654,0.1515229942016612,30
3560,STABILIZATION,-3.4315680417453867,0.08549645534535116,30
3561,STABILIZATION,3.657057833631782,0.21482357055945236,30
3562,STABILIZATION,6.549394026815814,-0.48530961065898953,30
3563,STABILIZATION,-10.425166551071648,-0.6402157074880913,30
3564,STABILIZATION,-4.7097599889172415,-0.026101716518724595,30
3565,STABILIZATION,-1.0071821015816866,-0.2338836805299839,30
3566,STABILIZATION,-4.811545200634674,-0.7300818456646354,30
3567,STABILIZATION,1.9433673137573084,0.1801632107425016,30
3568,STABILIZATION,1.7457861684124278,0.24569086545824018,30
3569,STABILIZATION,-5.088216725665455,-0.5046950590588001,30
3570,STABILIZATION,-8.53068214811503,-0.5736530766871943,30
3571,STABILIZATION,1.4403203203290662,0.1607619815010004,30
3572,STABILIZATION,-5.13777333905529,-0.8539013320628054,30
3573,STABILIZATION,-7.178490487831728,-0.055392523396680486,30
3574,STABILIZATION,-2.016493997360493,-0.41641278585732955,30
3575,STABILIZATION,10.337383726473917,-0.723081062171911,30
3576,STABILIZATION,-4.381074365083879,0.1087123957077852,30
3577,STABILIZATION,-0.3667064255528264,-0.07090279903175871,30
3578,STABILIZATION,-5.8973773244813215,0.03997115559005377,30
3579,STABILIZATION,10.897483476472049,0.26445412002550855,30
3580,STABILIZATION,-2.07463753343032,-0.2976266403886936,30
3581,STABILIZATION,-4.496716137763671,-0.4548129344624773,30
3582,STABILIZATION,2.3846205179588713,-0.22772166217486595,30
3583,STABILIZATION,-4.314344466538644,-0.6280674768525256,30
3584,STABILIZATION,-1.9301559687748273,-0.16769830363456678,30
3585,STABILIZATION,-15.033579214708999,-0.3957607670216376,30
3586,STABILIZATION,3.4697138802224563,0.08617899604267118,30
3587,STABILIZATION,-4.0660822500479785,-0.9538303495552924,30
3588,STABILIZATION,-0.4497367642364334,-0.9177773129600574,30
3589,STABILIZATION,1.2178363201094957,0.20600671849687913,30
3590,STABILIZATION,-2.768077006373217,0.07546843509921215,30
3591,STABILIZATION,-0.2214595970312162,-0.5402021866860416,30
3592,STABILIZATION,1.0973593121476246,-0.14859994215289965,30
3593,STABILIZATION,-4.932893583050837,-0.3207022961693752,30
3594,STABILIZATION,3.0698939563295444,-0.12351779896340859,30
3595,STABILIZATION,-3.478786549156353,-0.5508564427639091,30
3596,STABILIZATION,-5.586133855473008,0.0719287488047352,30
3597,STABILIZATION,-8.830615874496765,-1.04846178932755,30
3598,STABILIZATION,0.5229930606683266,-0.050945314992206885,30
3599,STABILIZATION,5.0792025230956686,-0.1982796152689608,30
3600,STABILIZATION,-7.687252489641008,-0.3015110470720074,30
3601,STABILIZATION,-2.2861560444637044,0.1981215448355268,30
3602,STABILIZATION,-21.319331607059354,-0.6655943305954203,30
3603,STABILIZATION,-10.466176470064314,-0.667399520153068,30
3604,STABILIZATION,1.31983664901282,-0.10499912550433323,30
3605,STABILIZATION,-0.25985400102512396,-0.19447137853054025,30
3606,STABILIZATION,1.217034547698042,0.14093760378917566,30
3607,STABILIZATION,3.286222694350465,0.05532955371735577,30
3608,STABILIZATION,-8.81938724102522,-0.46588994890852686,30
3609,STABILIZATION,5.625815691054854,0.43476731747689473,30
3610,STABILIZATION,-2.080159608388973,0.0793719526662942,30
3611,STABILIZATION,-5.976858615799854,0.030464307312148737,30
3612,STABILIZATION,-2.1501413592387926,-0.04321702337251191,30
3613,STABILIZATION,-4.8906937258266145,-0.16613612600237163,30
3614,STABILIZATION,-3.3017739092755334,0.14823954331363134,30
3615,STABILIZATION,-8.911569291625339,0.11881582636079131,30
3616,STABILIZATION,-4.543385244513287,-0.014851172547975633,30
3617,STABILIZATION,7.312638997022521,-0.32248955297542553,30
3618,STABILIZATION,1.5194315147000004,-0.05318329011769555,30
3619,STABILIZATION,-18.296630610717937,-1.4428202688527592,30
3620,STABILIZATION,0.183773692224088,-0.14126132299307767,30
3621,STABILIZATION,-6.634050877878499,-0.18382712330595,30
3622,STABILIZATION,-0.32209614519452817,-0.14122144259422972,30
3623,STABILIZATION,-5.235359802158057,-0.3196363063883327,30
3624,STABILIZATION,-7.637722074143305,-0.2027402573001283,30
3625,STABILIZATION,0.2633692059047869,-0.1825662067349956,30
3626,STABILIZATION,1.475299588996098,-0.4761649179698392,30
3627,STABILIZATION,-8.10273230660076,-0.06670540218311857,30
3628,STABILIZATION,1.2231717659229902,-0.4088501801438588,30
3629,STABILIZATION,-7.52888298988385,-0.05294122642780013,30
3630,STABILIZATION,0.5486915577094092,0.3963694690660266,30
3631,STABILIZATION,-1.638017274564505,0.08261629570872533,30
3632,STABILIZATION,-1.5030749828707144,-0.3579884833291401,30
3633,STABILIZATION,-7.4622682991247435,-1.1315900959531977,30
3634,STABILIZATION,0.668264530341867,-0.19894395231182455,30
3635,STABILIZATION,-1.8079414340071491,-0.08827909440567548,30
3636,STABILIZATION,-10.152902860032565,-0.2436395442184154,30
3637,STABILIZATION,8.704900459765232,0.418756574396509,30
3638,STABILIZATION,-1.1269211368263718,0.025201316510626286,30
3639,STABILIZATION,-13.659231835769674,-0.6396515324971968,30
3640,STABILIZATION,-2.635249635629033,0.17294161071978595,30
3641,STABILIZATION,-6.157350932384224,-0.67264431701937,30
3642,STABILIZATION,-4.983067020516969,-0.9602406131053443,30
3643,STABILIZATION,10.817477124266201,-0.6257274913252698,30
3644,STABILIZATION,-3.676100889944352,0.1614255639853831,30
3645,STABILIZATION,9.092578161647427,0.06901186475883492,30
3646,STABILIZATION,1.4139063556396942,0.15007872030194622,30
3647,STABILIZATION,-10.330624444542243,-0.33715920853305464,30
3648,STABILIZATION,6.396911107679535,0.2077662672326697,30
3649,STABILIZATION,0.9664279363306435,-0.07891134580962252,30
3650,STABILIZATION,-1.120868224624514,-0.5623643741590048,30
3651,STABILIZATION,-5.232310740322674,-0.09607398897313353,30
3652,STABILIZATION,4.045273953059877,-0.4606402942106392,30
3653,STABILIZATION,2.1200168400683626,-0.3920761339265144,30
3654,STABILIZATION,12.870494004153144,0.11634350861079114,30
3655,STABILIZATION,4.730548120880204,-0.4647672214057437,30
3656,STABILIZATION,-11.46145012863278,-1.1605244005472486,30
3657,STABILIZATION,2.8754132123274028,0.361095433552302,30
3658,STABILIZATION,-2.48659150213751,0.1443419601093013,30
3659,STABILIZATION,-6.214882538702228,-0.0900738572472716,30
3660,STABILIZATION,3.7639295495960656,0.18523953901787243,30
3661,STABILIZATION,7.411722103817499,0.005149467087645469,30
3662,STABILIZATION,-0.6072907266143813,0.15501353835067697,30
3663,STABILIZATION,-3.6144860010816715,-0.40094907484000214,30
3664,STABILIZATION,-0.3948929084214946,0.06373020785488663,30
3665,STABILIZATION,1.1142693367928749,0.022908231266230424,30
3666,STABILIZATION,-0.6645316215783602,0.16773222948881125,30
3667,STABILIZATION,0.9619028805258322,0.6052342390318489,30
3668,STABILIZATION,3.5059839606326904,0.058073977740334994,30
3669,STABILIZATION,12.07150484399234,0.3804193017246115,30
3670,STABILIZATION,5.260522097867802,0.044293678567248224,30
3671,STABILIZATION,-1.9860629256012623,-0.02420502549748386,30
3672,STABILIZATION,-6.4548003945616745,-0.30307357099428833,30
3673,STABILIZATION,3.3692480034393655,-0.08240915983971724,30
3674,STABILIZATION,-5.347414675615084,-0.20868984872637428,30
3675,STABILIZATION,-2.3642443041214976,0.12846065575083626,30
3676,STABILIZATION,0.8981021620735279,0.3860012772757557,30
3677,STABILIZATION,-2.169822208531077,-0.046708249661268506,30
3678,STABILIZATION,7.2043122863272,0.2783359723691157,30
3679,STABILIZATION,-2.357826713871045,0.01799830160449467,30
3680,STABILIZATION,4.151665744999107,-0.22335277957335756,30
3681,STABILIZATION,-4.192848109616611,-0.1177263708845153,30
3682,STABILIZATION,-5.376007464000534,-0.08291775674576389,30
3683,STABILIZATION,-2.4560531554917486,-0.03416273648009172,30
3684,STABILIZATION,-1.452820164144866,0.10936952950173555,30
3685,STABILIZATION,4.096530045567215,-0.34601939969091006,30
3686,STABILIZATION,4.071252427721087,0.043768577671222116,30
3687,STABILIZATION,-1.3281540081515326,-0.33747799576206106,30
3688,STABILIZATION,-9.178699970932271,-0.0050774156864312895,30
3689,STABILIZATION,5.159007891719117,0.08954874019391125,30
3690,STABILIZATION,-3.6991072479155225,-0.16597648522493286,30
3691,STABILIZATION,-7.642921957358855,-0.6881080934448538,30
3692,STABILIZATION,-4.711367170143764,-0.24054743423996544,30
3693,STABILIZATION,-13.72935741999105,-1.3194172844475927,30
3694,STABILIZATION,-10.382984122057191,-0.45101222308001593,30
3695,STABILIZATION,-5.552150515673461,-0.05802082170521471,30
3696,STABILIZATION,-10.351810462950773,-0.6251854407417728,30
3697,STABILIZATION,-7.956715076431585,-0.3770624106245907,30
3698,STABILIZATION,12.463537533097076,0.3139569681725409,30
3699,STABILIZATION,-2.2770227840848447,0.023120882225077362,30
3700,STABILIZATION,10.090135613556873,0.5170718130283332,30
3701,STABILIZATION,1.4451662362636917,0.09075132353548063,30
3702,STABILIZATION,-5.149447925527306,-0.17254876922415738,30
3703,STABILIZATION,-4.739303399593007,-0.009657938187875208,30
3704,STABILIZATION,4.038789419789879,0.28727745662457826,30
3705,STABILIZATION,-1.8925787025089575,-0.2861603998862533,30
3706,STABILIZATION,-2.3191430549758403,-0.19624382790808545,30
3707,STABILIZATION,-1.5732840620722215,0.24892838178733878,30
3708,STABILIZATION,-11.38479478214521,-0.5985436026684351,30
3709,STABILIZATION,-4.638757577973071,-0.24880982392248613,30
3710,STABILIZATION,-16.515729061907493,-0.6597653683340587,30
3711,STABILIZATION,2.343836798724388,0.10051226439335761,30
3712,STABILIZATION,-2.6272326302325144,0.062489462896159864,30
3713,STABILIZATION,3.236709352891753,-0.04564943246290335,30
3714,STABILIZATION,-0.49367039399265933,0.2047979390135461,30
3715,STABILIZATION,-8.512666856981905,0.032656655600496326,30
3716,STABILIZATION,-0.4386434678876742,-0.07794054122552879,30
3717,STABILIZATION,-0.6521895513795711,0.09452347030065036,30
3718,STABILIZATION,-4.002606212249547,-0.1484617751382333,30
3719,STABILIZATION,3.2662249409136335,0.3930729112250305,30
3720,STABILIZATION,2.3912014360308413,0.36536333008335153,30
3721,STABILIZATION,-0.7774911387301512,-0.6174997174220445,30
3722,STABILIZATION,3.3194255014144023,0.3622843423065284,30
3723,STABILIZATION,2.7413140756876766,0.3030902692933843,30
3724,STABILIZATION,-1.6528001834311996,-0.07332006260343338,30
3725,STABILIZATION,-8.232216235434153,-0.9096242349389598,30
3726,STABILIZATION,1.4013583046145957,-0.9965274744575436,30
3727,STABILIZATION,-11.881014265184834,-0.908719016098037,30
3728,STABILIZATION,-6.591218043614811,-0.5286978468697205,30
3729,STABILIZATION,6.708932343244226,0.6477030301394671,30
3730,STABILIZATION,2.6229176556748994,0.3502016985647568,30
3731,STABILIZATION,6.013680869541264,0.4762967992200162,30
3732,STABILIZATION,-2.6465591279912,0.0916344337881872,30
3733,STABILIZATION,-14.408141416036788,-0.5337971598952412,30
3734,STABILIZATION,5.309213561964813,0.496662341098258,30
3735,STABILIZATION,1.8830166999374052,0.051584442594057416,30
3736,STABILIZATION,-3.538270575508863,0.028925693723432892,30
3737,STABILIZATION,0.6392300799198939,0.19718906745274956,30
3738,STABILIZATION,2.488260220197206,0.16571172688301264,30
3739,STABILIZATION,-0.9513099085366347,-0.20496344503575764,30
3740,STABILIZATION,-1.6728051838504565,0.3918125324735138,30
3741,STABILIZATION,0.26482872136396834,0.378419384450656,30
3742,STABILIZATION,9.722777071175033,0.2733539405724892,30
3743,STABILIZATION,-4.9067458034697005,0.3868750981085391,30
3744,STABILIZATION,-3.302316392752027,-0.0005144167409803687,30
3745,STABILIZATION,-15.842631991959959,-0.9190755839033733,30
3746,STABILIZATION,-7.532959632286737,-0.3339206459484732,30
3747,STABILIZATION,-11.268474776427642,-0.14368775867446448,30
3748,STABILIZATION,-0.4743275074942947,0.05442667853426089,30
3749,STABILIZATION,8.510683597608393,0.3290520469137887,30
3750,MASTERY,5.356000388861026,-0.23195453751643894,30
3751,MASTERY,-17.365258794748993,-0.23730803214713372,30
3752,MASTERY,-7.189970983412694,-0.06604971392377505,30
3753,MASTERY,4.341547694238391,0.20224573149717406,30
3754,MASTERY,27.67524022675401,0.48761907945416316,30
3755,MASTERY,2.291017542212965,0.06757908313507968,30
3756,MASTERY,9.734943571019413,0.040439504932633125,30
3757,MASTERY,-4.988161937293653,0.11551731091821296,30
3758,MASTERY,-3.2584788819637986,-0.1801324454640373,30
3759,MASTERY,-9.182233112240748,-0.6525264131981003,30
3760,MASTERY,-3.2912270355036104,-0.3310822222929789,30
3761,MASTERY,-2.044505044857546,-0.23339135390634855,30
3762,MASTERY,5.607387669136033,0.44316303942925045,30
3763,MASTERY,-23.268394245781153,-2.659539945412729,30
3764,MASTERY,5.648350174366902,-0.5187413302780844,30
3765,MASTERY,0.849428505750492,-0.386779975496411,30
3766,MASTERY,-14.533390013978712,-0.7899670702046981,30
3767,MASTERY,4.271944990206697,0.16676091763392395,30
3768,MASTERY,-3.911796504430257,-0.2104038870793828,30
3769,MASTERY,-14.390232421387246,-0.1820127192448356,30
3770,MASTERY,-2.7719075109024582,-1.452262918390743,30
3771,MASTERY,-6.7017477977756,-0.30328049029318677,30
3772,MASTERY,3.397821975844195,0.09945705647223597,30
3773,MASTERY,16.37698808631119,-0.23896936630717333,30
3774,MASTERY,-0.3220461144384392,-0.10907624930430446,30
3775,MASTERY,-0.2342121901959294,0.04224198841864353,30
3776,MASTERY,0.29859786699667973,-0.2801027257682052,30
3777,MASTERY,13.215184432781657,-0.08889224938607322,30
3778,MASTERY,-9.952900467291517,-2.014656182061676,30
3779,MASTERY,1.848050219714697,0.15151105540136695,30
3780,MASTERY,4.91018713431895,-0.3497605390174621,30
3781,MASTERY,8.142925038799012,-0.12009921331765311,30
3782,MASTERY,1.9956917728347334,0.03255783859769445,30
3783,MASTERY,-6.3944873777091535,-0.23039489522372847,30
3784,MASTERY,-11.633112445489916,-0.26772689914470943,30
3785,MASTERY,1.5451041888235137,0.7982950614863551,30
3786,MASTERY,5.32320526153399,0.16456038005980148,30
3787,MASTERY,22.677074189301067,0.5434926138522616,30
3788,MASTERY,10.207228366635293,0.12518376036267037,30
3789,MASTERY,-1.8722602045132184,-0.468899411021142,30
3790,MASTERY,-0.8897345233931369,0.2915627977544727,30
3791,MASTERY,14.90410137527155,-0.02686643226667993,30
3792,MASTERY,4.788381836422119,-0.26277318255850957,30
3793,MASTERY,-12.726073413984594,-0.6449342669252067,30
3794,MASTERY,11.753234188677368,0.24222134430590536,30
3795,MASTERY,3.2037792063799637,0.5456630460170507,30
3796,MASTERY,-2.3238797110790905,-0.20264010323020765,30
3797,MASTERY,-2.3330062071512714,-0.14504614346430633,30
3798,MASTERY,-4.45470642011928,0.07567798295150671,30
3799,MASTERY,2.8677057874145664,-0.1588357709955126,30
3800,MASTERY,7.3919062587944335,-0.06632553030682373,30
3801,MASTERY,-4.052010931916321,-1.1679299141597357,30
3802,MASTERY,1.9347464930915235,0.44917372642091075,30
3803,MASTERY,22.958309069740146,0.5363280426140276,30
3804,MASTERY,-5.239760311340776,-0.4834500117247719,30
3805,MASTERY,10.200431181793729,0.2093677161849213,30
3806,MASTERY,-4.922734519513362,-0.05366544565837016,30
3807,MASTERY,-1.3320349174959765,0.1381814559463006,30
3808,MASTERY,0.7522637509094788,0.03652281614436795,30
3809,MASTERY,16.13229826121502,0.9371329898122783,30
3810,MASTERY,-4.513759125223791,-0.10967406955017864,30
3811,MASTERY,-5.477797640302815,-0.34173532213761354,30
3812,MASTERY,1.3608937920025557,0.2027601855464271,30
3813,MASTERY,-7.941533919840062,-0.030526475382966854,30
3814,MASTERY,2.807435492473425,0.15799099227739746,30
3815,MASTERY,1.0685645321067028,-0.0692580134847669,30
3816,MASTERY,-0.22621585269742775,0.20798488334527715,30
3817,MASTERY,5.315299410729432,-0.10659656126729339,30
3818,MASTERY,9.65375445463061,0.17273626990179983,30
3819,MASTERY,-7.479687689579373,-0.45423667987087907,30
3820,MASTERY,-3.618769695850177,-0.26735568930821085,30
3821,MASTERY,5.111620143963953,-0.11521566819315619,30
3822,MASTERY,4.443562572372512,0.18549632868084248,30
3823,MASTERY,1.9820705329447537,0.47828120549656666,30
3824,MASTERY,8.491185206643902,0.35195941261694313,30
3825,MASTERY,-0.3198917825129171,-0.3800205008611891,30
3826,MASTERY,3.7567420409235006,0.02810520218166556,30
3827,MASTERY,-1.0237808583840564,0.055453622174172816,30
3828,MASTERY,-21.141369569067205,-0.310734998247436,30
3829,MASTERY,6.681814591465094,0.29359393768799963,30
3830,MASTERY,-19.334581946010044,-0.3159552818684052,30
3831,MASTERY,-2.913614988607588,-0.42225707651420585,30
3832,MASTERY,0.7553383440149909,-0.26492887685001226,30
3833,MASTERY,3.3887508165215636,0.27604057327376075,30
3834,MASTERY,-4.5418957385655565,-0.026479835359062967,30
3835,MASTERY,3.3099861914213,-0.1692144070670593,30
3836,MASTERY,4.766931737490568,0.18944214601159395,30
3837,MASTERY,-2.455872758641419,-0.22257022300322546,30
3838,MASTERY,2.2561270990398588,-0.027320642705858145,30
3839,MASTERY,-16.129151057036065,-0.46037992430845215,30
3840,MASTERY,-13.151791262997861,-1.322318144164998,30
3841,MASTERY,0.04201819188839768,-0.14411507117562491,30
3842,MASTERY,2.3254352053228913,-0.0024733374341844787,30
3843,MASTERY,-1.6884203083698504,0.15489915797371498,30
3844,MASTERY,3.4013568515923813,0.29894433448863383,30
3845,MASTERY,-0.2741454846467371,-0.4615149518891704,30
3846,MASTERY,12.696716702267286,0.5852257824455099,30
3847,MASTERY,-7.9385427267815984,-0.737531775792341,30
3848,MASTERY,-2.1437412141917362,0.008811902589646406,30
3849,MASTERY,16.777369784078214,0.5076150535934928,30
3850,MASTERY,-4.40693594107558,0.2739428668454322,30
3851,MASTERY,-2.460430777551314,0.2581196863986316,30
3852,MASTERY,-4.693169371521155,-0.1598382700254953,30
3853,MASTERY,4.30510443809064,-0.24732917647666347,30
3854,MASTERY,-4.444531548255711,0.096762303673444,30
3855,MASTERY,-9.183417617984318,-0.7856272211798436,30
3856,MASTERY,-1.3189142574425465,-0.3897316679013381,30
3857,MASTERY,9.532477961914966,0.007522675503805484,30
3858,MASTERY,-9.068276969030908,-0.7836333801793247,30
3859,MASTERY,2.3796135264867844,-0.4023934085283979,30
3860,MASTERY,-2.1935405804425048,-0.013148216176895943,30
3861,MASTERY,17.9925508693169,0.5787861085973807,30
3862,MASTERY,-4.400605782495055,-0.014092883409555427,30
3863,MASTERY,1.1712048636663075,0.12944186809970282,30
3864,MASTERY,0.6535288625882422,0.15403923847534842,30
3865,MASTERY,-0.9138954684560564,-0.07629065405769689,30
3866,MASTERY,0.31822382504476493,0.29925173817021944,30
3867,MASTERY,-1.1870117292959004,0.16645899673324252,30
3868,MASTERY,-4.627507273617293,-0.4748838089244277,30
3869,MASTERY,-0.3382766672405882,0.4951170155508086,30
3870,MASTERY,0.27808707338013033,0.10681122549846468,30
3871,MASTERY,-13.992015525062376,-1.5661908858279134,30
3872,MASTERY,-12.20003167087594,-0.4291733895854988,30
3873,MASTERY,-7.269345373763004,-0.5285988366311867,30
3874,MASTERY,8.297976239490529,0.02827901592991111,30
3875,MASTERY,-2.9544433306458298,-0.3301926597616233,30
3876,MASTERY,1.4889371256751205,0.24771347037192146,30
3877,MASTERY,6.686166499703821,-0.052172977779221696,30
3878,MASTERY,5.574621928774152,0.37857195486122625,30
3879,MASTERY,-6.570042235194772,-0.5573418756651959,30
3880,MASTERY,3.7512420916760836,0.251814090193023,30
3881,MASTERY,-6.28099761412266,-0.5685540833490408,30
3882,MASTERY,-1.0569222199000745,-0.005302694672236985,30
3883,MASTERY,16.119393570214445,-0.4876171866482065,30
3884,MASTERY,2.1274840918588898,0.27769509858166747,30
3885,MASTERY,-2.2195633711922924,0.2864535527163744,30
3886,MASTERY,0.9602322276715584,-0.6915317000826653,30
3887,MASTERY,-3.6304474992366016,0.009781278703356893,30
3888,MASTERY,-8.70817631393518,-0.16862262931681846,30
3889,MASTERY,-7.674200756006165,-0.14384847955326113,30
3890,MASTERY,1.5826163489477572,-0.22719049832621221,30
3891,MASTERY,0.6077913403512344,-0.48176841258943237,30
3892,MASTERY,-0.6142711644083516,-0.656115212737206,30
3893,MASTERY,2.2519519775010837,-0.3744567095552887,30
3894,MASTERY,4.222376911319903,0.26954455853875564,30
3895,MASTERY,-21.962689894496897,-1.7288951175684957,30
3896,MASTERY,-8.545691782084146,-0.09014487653373206,30
3897,MASTERY,-1.6846559913468468,0.18782315337361014,30
3898,MASTERY,-4.363088201594049,-0.6798583271690032,30
3899,MASTERY,-22.64586353955397,-0.3135644411297118,30
3900,MASTERY,16.960627158228355,0.5760070631345772,30
3901,MASTERY,-0.03327645512990046,0.2192972956419739,30
3902,MASTERY,-11.636658639726093,-0.8181996261915415,30
3903,MASTERY,-5.8828946584787,-0.4624269588879036,30
3904,MASTERY,15.602575367560142,0.6738726317398249,30
3905,MASTERY,12.37304775379449,0.20935574505222335,30
3906,MASTERY,4.505586730232622,0.5703751045405104,30
3907,MASTERY,-2.311907208099476,-1.2428750158599295,30
3908,MASTERY,-0.9165855488455076,0.007983099295867024,30
3909,MASTERY,24.835735990672106,0.5789825889054474,30
3910,MASTERY,6.957948426139816,0.6481508129175453,30
3911,MASTERY,12.561834224618222,0.36255070332647166,30
3912,MASTERY,4.321102247163253,0.05472685374387889,30
3913,MASTERY,17.541918233891845,0.6447426356732598,30
3914,MASTERY,-1.0336917711529239,0.4732853441691136,30
3915,MASTERY,13.363412595687302,0.41227201426085613,30
3916,MASTERY,5.469689234047368,0.06595859560454427,30
3917,MASTERY,-3.9034633110116816,-0.17432865521194987,30
3918,MASTERY,-4.231255999549152,0.2622679306279416,30
3919,MASTERY,-2.7662306095203704,-0.38420921637159516,30
3920,MASTERY,0.09031391159423996,0.33091320457751894,30
3921,MASTERY,2.5867432355369133,0.12469708282795335,30
3922,MASTERY,2.092604704059911,0.029301576195375677,30
3923,MASTERY,9.653576502919233,-0.8234858260796559,30
3924,MASTERY,-2.871043389523902,-0.19600402584081458,30
3925,MASTERY,-5.044618194875981,-0.5560114030509823,30
3926,MASTERY,3.710139340138672,0.037183402352107944,30
3927,MASTERY,-14.996163319066424,-0.05866086890399854,30
3928,MASTERY,0.3410364953163815,-0.01589024284949672,30
3929,MASTERY,10.23712047326122,0.4038630165773526,30
3930,MASTERY,-2.7905060722048485,-0.07729884312156955,30
3931,MASTERY,-1.3995994680923491,0.26671766575255795,30
3932,MASTERY,-12.664766138576455,-0.24033614893801933,30
3933,MASTERY,-4.451811681066858,-0.26911786918698566,30
3934,MASTERY,-2.520536746469901,-0.06424412140444895,30
3935,MASTERY,-3.052800020460106,-0.2923474128609809,30
3936,MASTERY,2.073649884148586,0.22643857792893912,30
3937,MASTERY,-1.9166919772730309,-0.23819454676260604,30
3938,MASTERY,4.072376350345835,-0.2793608943258973,30
3939,MASTERY,-5.319978338888133,0.3667698392126932,30
3940,MASTERY,-11.59280947552287,-0.522534964506694,30
3941,MASTERY,-28.47482258655126,-0.7231159384876917,30
3942,MASTERY,6.80780297229577,0.015625700371078525,30
3943,MASTERY,-13.640063848702013,-0.9358712432515861,30
3944,MASTERY,10.081202681322715,0.45351386491375023,30
3945,MASTERY,-26.52423813548966,-1.9827814073348136,30
3946,MASTERY,-17.0653232573361,-0.6287824973267168,30
3947,MASTERY,3.581693524866038,-0.07567198509076004,30
3948,MASTERY,-1.042870571629632,-0.1626255177228724,30
3949,MASTERY,-2.5085874835729896,0.1364180882574965,30
3950,MASTERY,6.899626437314254,-0.5509478001646374,30
3951,MASTERY,-8.773612224952423,-1.0710767593914585,30
3952,MASTERY,8.252339620470238,0.10249816686712507,30
3953,MASTERY,17.235406931368136,0.3300115341412694,30
3954,MASTERY,-0.13208847453275468,-1.0034224284710296,30
3955,MASTERY,-3.6794796779494723,-0.25986772242344336,30
3956,MASTERY,6.528658893957574,0.7568583721561246,30
3957,MASTERY,2.828923026538178,-0.009461994948227097,30
3958,MASTERY,10.656172163607424,0.7858876984643955,30
3959,MASTERY,-1.0415498587721355,0.021956062526444983,30
3960,MASTERY,-29.46718091410372,-1.6485994592640594,30
3961,MASTERY,-9.268723241352141,-0.004332499461512462,30
3962,MASTERY,17.266499729866922,0.3223933512358086,30
3963,MASTERY,0.5200388823598922,0.2209378876158913,30
3964,MASTERY,10.449777127849845,0.17047813576170762,30
3965,MASTERY,-4.451929076966765,-0.3184843042006687,30
3966,MASTERY,-3.0785974744078435,-1.2914573859220473,30
3967,MASTERY,-9.502604038521536,-0.27114732546388165,30
3968,MASTERY,4.0366516067782,-0.0812248912575683,30
3969,MASTERY,5.506830749265957,-0.15133821626602714,30
3970,MASTERY,-7.400899275241436,-0.27896307212572335,30
3971,MASTERY,-2.1813037343593487,0.0520149576645572,30
3972,MASTERY,1.5592098473016427,-0.12808043585684464,30
3973,MASTERY,7.8727101764736265,0.2750213424449942,30
3974,MASTERY,-2.004434931409318,-0.13001605944307315,30
3975,MASTERY,1.01563069835169,-0.357359123195562,30
3976,MASTERY,-6.498867351363424,-0.8650691117804858,30
3977,MASTERY,-2.5253106620788364,-1.4948989419115861,30
3978,MASTERY,14.077018391412375,0.8747071040875072,30
3979,MASTERY,-16.79749484155545,-0.8138358216099196,30
3980,MASTERY,2.065309417095794,0.4946537346639175,30
3981,MASTERY,-3.804429593272132,0.14338506712296165,30
3982,MASTERY,2.054055227482669,-0.9351298893192433,30
3983,MASTERY,9.549571584705408,0.17802136255620518,30
3984,MASTERY,1.0126920233978876,0.011879979259328073,30
3985,MASTERY,-12.151864907256856,-0.8505781386966637,30
3986,MASTERY,6.5294282308171585,0.19061731870783713,30
3987,MASTERY,23.034012995772073,-0.7927309056119507,30
3988,MASTERY,-2.849299000646021,-0.5298842854284517,30
3989,MASTERY,2.3508485539077366,-0.1479826551365006,30
3990,MASTERY,-3.4089140386090984,-0.022317672748145466,30
3991,MASTERY,2.2186126387742737,0.009595516930289172,30
3992,MASTERY,18.02199533636642,0.6557005057602728,30
3993,MASTERY,5.1767178085722,0.2499457226611174,30
3994,MASTERY,-7.908543108593237,-0.5651399480090527,30
3995,MASTERY,-5.700055815536671,-0.1613178849184857,30
3996,MASTERY,-5.329960188097991,-0.02154891876635238,30
3997,MASTERY,0.056190202112094335,-0.010327082101608128,30
3998,MASTERY,-1.3410155079439492,0.15790675367254556,30
3999,MASTERY,-2.6823034919302047,-0.030060853193109766,30
4000,MASTERY,-14.92786243721538,0.0002651603058689389,30
4001,MASTERY,-1.9957298890290216,-0.016508759025295264,30
4002,MASTERY,7.795196176997424,0.22404139161542844,30
4003,MASTERY,5.245640483113134,0.5344397816826698,30
4004,MASTERY,5.703950746032116,0.050371510390524676,30
4005,MASTERY,-3.668384473611474,-0.6938306503136966,30
4006,MASTERY,2.6811901458188943,0.21689910321258057,30
4007,MASTERY,0.8428906894855087,0.06752272314481651,30
4008,MASTERY,-5.663261385630638,-0.2770327237019779,30
4009,MASTERY,3.2328395094370874,0.5014349104068521,30
4010,MASTERY,-1.8840212331871848,-0.5513618994537498,30
4011,MASTERY,2.98735752624914,0.258696903706149,30
4012,MASTERY,-22.46860433921575,-1.5697937692400725,30
4013,MASTERY,-11.012212888991185,-0.3536895201708814,30
4014,MASTERY,6.2357931386056125,0.16343614343736193,30
4015,MASTERY,-2.90706495535561,-0.055173088316103965,30
4016,MASTERY,-3.7589253233075044,-0.5125741048393191,30
4017,MASTERY,8.34942153253394,-0.07112753374209996,30
4018,MASTERY,-3.203547641290219,0.017000775921157407,30
4019,MASTERY,11.510526664484173,-0.38791057300273535,30
4020,MASTERY,-6.513488490170356,-0.7655020356743288,30
4021,MASTERY,5.698196926387484,-0.1950648682579417,30
4022,MASTERY,3.6517357508765165,0.2899059733823331,30
4023,MASTERY,3.4155569914838266,0.21389955783496717,30
4024,MASTERY,2.712759312941955,0.2304449253398614,30
4025,MASTERY,1.6755435181688443,0.18469116492027168,30
4026,MASTERY,5.923617647509396,0.24384447487350774,30
4027,MASTERY,4.316557518623722,0.23084800575202813,30
4028,MASTERY,3.2553341914518157,-0.18184798172589073,30
4029,MASTERY,-7.272812630922662,-0.12583856955220804,30
4030,MASTERY,25.81697794699582,0.3421475896585499,30
4031,MASTERY,-3.8356330941093733,-0.5983839130828954,30
4032,MASTERY,10.237363333630485,0.3732719709202481,30
4033,MASTERY,6.967215537593631,0.30852887578895694,30
4034,MASTERY,8.89902923890165,-0.036286535486585274,30
4035,MASTERY,4.925049612431157,0.5651350326005192,30
4036,MASTERY,-0.44912935974438845,-0.030186194970777472,30
4037,MASTERY,14.790725241569021,0.1454608332385621,30
4038,MASTERY,-3.1147629828400802,-0.24245377849870045,30
4039,MASTERY,3.1098044668154907,0.38118266673179896,30
4040,MASTERY,2.7453406931629414,-0.18792549727983485,30
4041,MASTERY,-1.2168324369265753,-0.2263740745650031,30
4042,MASTERY,-2.889997854946502,0.1332939168604338,30
4043,MASTERY,-2.962461899103365,-0.4095068958982022,30
4044,MASTERY,-3.092626856483985,-0.38188201697252194,30
4045,MASTERY,11.262079756363168,-0.7316363684088419,30
4046,MASTERY,-16.085398863111223,-0.10842673458262547,30
4047,MASTERY,7.129587021280848,0.4144410208434591,30
4048,MASTERY,-3.560923543479052,0.566253439247533,30
4049,MASTERY,2.0322330089777974,-0.7526632810171928,30
4050,MASTERY,-13.77667921438414,-0.8356224806281419,30
4051,MASTERY,3.7249526140028135,0.041284113921269586,30
4052,MASTERY,-5.44489659300226,-0.14867341804717232,30
4053,MASTERY,9.927700925995396,-0.28742388544513486,30
4054,MASTERY,-0.5455256351024832,-0.06651688130289454,30
4055,MASTERY,5.113805396306022,0.37088370296504963,30
4056,MASTERY,1.088558323101935,-0.28786084052956623,30
4057,MASTERY,-2.7283294550087898,-0.22366629042560918,30
4058,MASTERY,0.9767275922109669,-0.17068510084985106,30
4059,MASTERY,-21.991374127676483,-1.9185844857876764,30
4060,MASTERY,2.8545727332470223,0.012849765354011455,30
4061,MASTERY,0.06232601568364253,-0.2365829151659625,30
4062,MASTERY,-28.379843395587447,-0.35718271999997325,30
4063,MASTERY,-1.7130104122200258,-0.1714632861144392,30
4064,MASTERY,-4.95147475682771,-0.2771005619812901,30
4065,MASTERY,-3.4940562210178188,-0.45317748757343007,30
4066,MASTERY,-3.3431019052543887,-0.8189707905886933,30
4067,MASTERY,-4.574723943075209,-0.09482777293693305,30
4068,MASTERY,-9.8695733001395,0.22627598717531902,30
4069,MASTERY,8.132063224695697,-0.31972470702474237,30
4070,MASTERY,-6.460206678654555,-0.5613364025068351,30
4071,MASTERY,4.472870959958552,-0.23957433900218306,30
4072,MASTERY,-2.6169062277475654,-0.10575600074019231,30
4073,MASTERY,-8.429235811514774,-0.1701780680453523,30
4074,MASTERY,17.53584891128806,0.5721051605658175,30
4075,MASTERY,-2.282004612625706,0.07997483924368769,30
4076,MASTERY,-4.001737723356022,-0.8388753481732825,30
4077,MASTERY,-25.97691079559496,-1.5145896306914994,30
4078,MASTERY,-16.42476386901011,-1.2763622574934999,30
4079,MASTERY,-5.592297441566625,-0.3049946981257384,30
4080,MASTERY,13.755749914590794,0.666002532217726,30
4081,MASTERY,-8.166816672702957,-0.7508080363958098,30
4082,MASTERY,-7.887099924390141,-0.18431938415953095,30
4083,MASTERY,4.5242515967384955,0.22608729395796817,30
4084,MASTERY,-18.468357079373696,-0.28027336186858237,30
4085,MASTERY,-1.035448233584061,0.12785776566526413,30
4086,MASTERY,0.7163694887600256,-0.2620610514543894,30
4087,MASTERY,1.67495359265548,0.053525161715130026,30
4088,MASTERY,2.521256902656185,-0.14394721024138885,30
4089,MASTERY,-8.872031549340868,-1.094407992926189,30
4090,MASTERY,-0.8782745276032711,-0.5154204844555477,30
4091,MASTERY,10.838543342755132,0.4911141208677512,30
4092,MASTERY,0.9210831861576376,0.23136398470241987,30
4093,MASTERY,13.693006140151411,1.017295460670368,30
4094,MASTERY,8.504226464043226,0.5656040458185179,30
4095,MASTERY,9.662357997200498,0.3413752420782817,30
4096,MASTERY,14.636726580575564,0.44267149343944256,30
4097,MASTERY,10.644434476956215,-0.09668638108648268,30
4098,MASTERY,-0.871320399610922,-0.15942539074336104,30
4099,MASTERY,10.494239193341649,-0.27566163488367307,30
4100,MASTERY,3.617245879556006,0.436100783427716,30
4101,MASTERY,1.1916182050991313,-0.07514659454666743,30
4102,MASTERY,-22.2780851266799,-0.3177889206201924,30
4103,MASTERY,20.827128805689295,0.6842054649310161,30
4104,MASTERY,-10.171595979056454,0.1105732872355393,30
4105,MASTERY,-3.2243889550832123,-0.05309137859035611,30
4106,MASTERY,3.997224556252302,0.06774418108587094,30
4107,MASTERY,-3.77348676830686,-0.9157573761831918,30
4108,MASTERY,1.6642019784115396,-0.18896848846299016,30
4109,MASTERY,-6.182124994897818,-0.0976652782084836,30
4110,MASTERY,4.763846382342992,0.3988416462172855,30
4111,MASTERY,-6.616714168417733,-0.80344130047315,30
4112,MASTERY,-0.18200860786422848,0.46926340044376336,30
4113,MASTERY,15.198949414250087,0.17204292004517138,30
4114,MASTERY,-0.7470533245805125,0.002326995160339059,30
4115,MASTERY,-4.0072517866088795,-0.1936202560178516,30
4116,MASTERY,3.2357527454340396,-0.09773550907523804,30
4117,MASTERY,11.306343394304806,-1.174438785320453,30
4118,MASTERY,-0.6314989195570192,0.3998902470174851,30
4119,MASTERY,-10.95137956769262,-0.8960691008010074,30
4120,MASTERY,12.264343385643036,-0.038838700205998576,30
4121,MASTERY,-15.237847367227912,-0.34161315795726704,30
4122,MASTERY,11.767238123549554,0.6725611114958956,30
4123,MASTERY,1.483726917183435,0.05546362958319078,30
4124,MASTERY,-0.5753842687954652,-0.5638057782070126,30
4125,MASTERY,4.6547811583512795,-0.31643140102170286,30
4126,MASTERY,-7.412649409074197,-0.03829892364878672,30
4127,MASTERY,-8.449625753312539,-0.9273937282497747,30
4128,MASTERY,8.74316483576707,0.6239864897910473,30
4129,MASTERY,0.35531304282966697,-0.13712971796585033,30
4130,MASTERY,-11.834453507674986,-0.9993686351562274,30
4131,MASTERY,-5.900017376493362,-1.8368671949635442,30
4132,MASTERY,1.9091811013440125,-0.12138448272363041,30
4133,MASTERY,6.533036944557765,0.4816463816403894,30
4134,MASTERY,-2.5188330122680607,0.101979586572406,30
4135,MASTERY,1.1777978330005876,-0.06286504242617437,30
4136,MASTERY,16.764609385298375,0.1854170376201182,30
4137,MASTERY,-3.105180857176773,-1.100019933147091,30
4138,MASTERY,4.381783203936294,0.12942078142221453,30
4139,MASTERY,0.2466231616070336,0.2394512799408203,30
4140,MASTERY,-5.273979775273843,-0.44494475188036725,30
4141,MASTERY,9.273630378472891,0.5445397319777553,30
4142,MASTERY,-4.713617365733534,-0.7052332055140336,30
4143,MASTERY,-22.46064141904523,-0.5719835534037938,30
4144,MASTERY,3.526572069617979,-0.5465735557601991,30
4145,MASTERY,7.637024991237302,0.038535119574670776,30
4146,MASTERY,-3.8068832208629835,-0.11957836678080613,30
4147,MASTERY,-18.774082767453542,0.005728255268464366,30
4148,MASTERY,3.9698376812697096,0.388945042454271,30
4149,MASTERY,27.707901755983382,0.7359726521085619,30
4150,MASTERY,-3.222352202769355,0.07087961861694039,30
4151,MASTERY,6.042583865013583,0.15320619720381148,30
4152,MASTERY,4.543185664346304,-0.2661482729301735,30
4153,MASTERY,5.463790085211246,-0.4340870627934866,30
4154,MASTERY,-2.90217319459467,-0.5534487675327521,30
4155,MASTERY,2.1228167621979654,-0.1054091803111717,30
4156,MASTERY,-6.363917228099953,0.11933185357293781,30
4157,MASTERY,2.781655464353792,0.2757053196373486,30
4158,MASTERY,-4.899110329561813,-0.028505450576952196,30
4159,MASTERY,-5.483737025615639,-0.4826541827426482,30
4160,MASTERY,4.9095429817246705,0.04351454745331047,30
4161,MASTERY,3.8602584838380207,0.0687959030026606,30
4162,MASTERY,-7.190340721914169,-0.48637093974940293,30
4163,MASTERY,-6.7037405349154096,-0.41024685667315747,30
4164,MASTERY,18.434503501656597,0.6375114854684588,30
4165,MASTERY,-10.938154025055944,-0.6179300407390859,30
4166,MASTERY,-3.364929605828517,0.10479152732792442,30
4167,MASTERY,-7.9769958423373275,0.20181606518081882,30
4168,MASTERY,18.162190878042924,0.12968632966218177,30
4169,MASTERY,-6.6906955974016284,0.020516105507337942,30
4170,MASTERY,-8.703396875908853,-0.36976541745473596,30
4171,MASTERY,-3.8023038214081377,-0.044192300498432355,30
4172,MASTERY,-1.1166556743266196,0.2177889313119747,30
4173,MASTERY,0.649533526666329,0.4251983248384788,30
4174,MASTERY,16.458816022017487,0.29788593852029205,30
4175,MASTERY,-0.0879630290007809,0.030392263317577047,30
4176,MASTERY,8.334762646019099,0.0031590325892624153,30
4177,MASTERY,-4.980805201346056,-0.5695378641963634,30
4178,MASTERY,-26.40397275089515,-1.463088776157842,30
4179,MASTERY,1.602454598943758,0.03991503618710897,30
4180,MASTERY,0.8862799076232067,-0.10202195353073636,30
4181,MASTERY,-0.24270907851667112,-0.019173151474960407,30
4182,MASTERY,0.3178851605481834,-0.3973656381054142,30
4183,MASTERY,23.997267964059446,0.7643765764463315,30
4184,MASTERY,2.572868788738736,-0.1690551549736133,30
4185,MASTERY,0.3292480021156965,0.25155853372072373,30
4186,MASTERY,-11.380627689148142,-0.27706546226459333,30
4187,MASTERY,-9.40353581749952,-0.2541821798264168,30
4188,MASTERY,-5.745262852254281,0.14762480782294288,30
4189,MASTERY,20.24522671881867,0.35013939641480835,30
4190,MASTERY,0.7789416145369583,-0.40144773291725877,30
4191,MASTERY,5.748671827593112,-0.1640812397477144,30
4192,MASTERY,-4.94475766447711,-0.26612498709648236,30
4193,MASTERY,3.4174309319371314,0.5126094465287586,30
4194,MASTERY,-2.8754373849177792,-0.5655093649500316,30
4195,MASTERY,8.83202085826228,0.6187488362276891,30
4196,MASTERY,3.8606326769297787,-0.04507924565562652,30
4197,MASTERY,22.392717139584164,0.21278355507022392,30
4198,MASTERY,5.046394361216188,0.14455615374202171,30
4199,MASTERY,-5.261399690578513,-0.10511852262765613,30
4200,MASTERY,-11.99103727540071,-8.81769427427533e-05,30
4201,MASTERY,-10.680084539665254,-0.5341455852290938,30
4202,MASTERY,4.831198846631938,-0.12777543530916222,30
4203,MASTERY,-7.927722387938393,-0.32167285626095243,30
4204,MASTERY,-18.2269381307586,-0.09475775201823086,30
4205,MASTERY,-3.32611794335912,0.15895986198099052,30
4206,MASTERY,9.40865962430995,0.509258121756379,30
4207,MASTERY,10.852738125831634,0.38866597786528806,30
4208,MASTERY,0.5294016930407696,0.4069570771027454,30
4209,MASTERY,-5.615198520670703,-0.4484458414858842,30
4210,MASTERY,-1.0923646576114452,0.03882748156172896,30
4211,MASTERY,0.38956565093544604,-0.7078202914997682,30
4212,MASTERY,-1.0740835444343424,-0.0559569765943192,30
4213,MASTERY,6.8773769645168406,0.48739769507780356,30
4214,MASTERY,-8.801044758280547,-0.8147889967354964,30
4215,MASTERY,8.228168227850444,0.1370522138525894,30
4216,MASTERY,-2.822499592568931,-0.0427950937985713,30
4217,MASTERY,-4.557270659123775,0.07604425038185421,30
4218,MASTERY,-3.5910372192151194,0.33651989496792195,30
4219,MASTERY,-4.960520410944841,-0.9810392569589029,30
4220,MASTERY,-0.6798337585098088,0.12365643681679096,30
4221,MASTERY,-4.151873761418618,-0.015772025610240582,30
4222,MASTERY,0.3838583584777984,-1.1738983744259461,30
4223,MASTERY,-13.5336263052359,-0.44319784375453536,30
4224,MASTERY,2.1186260550212914,-0.6179706851063146,30
4225,MASTERY,-25.088053877633396,-0.23250311509657764,30
4226,MASTERY,-14.993612955731793,-1.2115187996151013,30
4227,MASTERY,-1.4149806182502112,-1.9644533149962768,30
4228,MASTERY,-6.196620996031623,-0.17086378860528725,30
4229,MASTERY,-8.501415147034972,-0.7105809364152004,30
4230,MASTERY,2.4447084173065186,-0.0055619831487068545,30
4231,MASTERY,1.4654455442954073,0.400470596617665,30
4232,MASTERY,-3.2956193782445444,0.10487309100168775,30
4233,MASTERY,-0.030337747030088343,0.28653730668869676,30
4234,MASTERY,-9.526637806892913,-0.5169357999982115,30
4235,MASTERY,-6.211665283373836,-0.16390086850594981,30
4236,MASTERY,1.7079127986039735,0.17721276610791042,30
4237,MASTERY,-2.8636462037474693,-0.6401040679694451,30
4238,MASTERY,6.2042522558572575,0.6235059657791643,30
4239,MASTERY,-2.0422673748036706,-0.20652132568636297,30
4240,MASTERY,-0.4073156453951445,0.20135158499255282,30
4241,MASTERY,-0.7180542418133664,-0.3095815356274979,30
4242,MASTERY,0.06037920464617823,-0.07420125968645026,30
4243,MASTERY,-10.051645061422454,-0.22953649522634365,30
4244,MASTERY,3.974150243265779,-0.2598925247014064,30
4245,MASTERY,-6.2117172627645285,-0.3039857959472548,30
4246,MASTERY,-13.973258179943578,-0.9914879166240167,30
4247,MASTERY,2.4407166710122654,-0.008773888374011874,30
4248,MASTERY,-1.789721753432369,-0.4201680333605731,30
4249,MASTERY,14.668922787798389,0.3952685192477686,30
4250,MASTERY,-5.831904567391786,0.1067621486880897,30
4251,MASTERY,-13.835451243607508,-0.8159123451824993,30
4252,MASTERY,-5.724880929226489,-0.5280031776406475,30
4253,MASTERY,2.3653488095313526,0.1813940929818632,30
4254,MASTERY,-3.348399711127279,0.1548548121634875,30
4255,MASTERY,-6.321400631704801,-1.0315693481199244,30
4256,MASTERY,-4.474395719758512,-0.011008139324063911,30
4257,MASTERY,1.5494015143851114,0.35559731267169015,30
4258,MASTERY,-0.5498059487806923,-0.3649906359116301,30
4259,MASTERY,16.44073603740994,-0.1519033385372497,30
4260,MASTERY,5.65786196647855,0.14109550209392496,30
4261,MASTERY,-10.144716667891956,0.18705822094957097,30
4262,MASTERY,-4.696477874251727,-0.08914027095572193,30
4263,MASTERY,-3.967128280645436,-0.11786894310571087,30
4264,MASTERY,24.805643123635576,0.5411395558787394,30
4265,MASTERY,-8.292639652984501,0.29807032296398933,30
4266,MASTERY,11.111027364545718,0.2765091563944939,30
4267,MASTERY,14.667973166874715,0.059427541950807,30
4268,MASTERY,-6.835380129948988,-0.6865342773349546,30
4269,MASTERY,23.134124958038914,0.9251796097956698,30
4270,MASTERY,-5.399122473831682,-0.3342926178270195,30
4271,MASTERY,-4.829256891949469,-0.362216643046826,30
4272,MASTERY,3.9532312422340588,0.27805169306704464,30
4273,MASTERY,-21.112507223713287,-0.806278958046916,30
4274,MASTERY,-2.0248234353157697,0.12924787180331435,30
4275,MASTERY,-2.9402489941412884,-0.28080088218314464,30
4276,MASTERY,-2.2133859644012417,0.018561027216099025,30
4277,MASTERY,2.7628865894148547,-0.2815373408138402,30
4278,MASTERY,3.8047483164807114,-0.01973479824055214,30
4279,MASTERY,-9.45545578137906,-0.46787390146733154,30
4280,MASTERY,2.246412940235523,0.25464636958765163,30
4281,MASTERY,4.990933849383592,0.2759759241950838,30
4282,MASTERY,1.546116561646133,-0.08617168126054668,30
4283,MASTERY,4.563371400818966,-0.414275625788891,30
4284,MASTERY,-14.109720339187206,-0.911581542808721,30
4285,MASTERY,-16.66310709337619,-0.03809735744516261,30
4286,MASTERY,-9.092386233056295,-0.3712371081115042,30
4287,MASTERY,8.713353979089216,-0.005691400001861139,30
4288,MASTERY,-0.8667169706190662,0.05435817170769395,30
4289,MASTERY,1.8920292065020035,0.07009202604384682,30
4290,MASTERY,3.0422215909220287,-0.09753682658223403,30
4291,MASTERY,-17.30926282441584,0.008156290652094356,30
4292,MASTERY,9.3260944774338,-0.3459951983706212,30
4293,MASTERY,-6.40068214253187,-0.8844921381011559,30
4294,MASTERY,1.787197294900177,0.5289066375074816,30
4295,MASTERY,-12.034379698860647,-0.8376308097313336,30
4296,MASTERY,-7.093861410492465,0.048293432509296755,30
4297,MASTERY,0.8287735519496966,0.3754648033349507,30
4298,MASTERY,11.826703372533801,-0.11093796280047323,30
4299,MASTERY,8.158854705705384,0.14659915001818885,30
4300,MASTERY,-5.4015009712388276,-0.19097202383980275,30
4301,MASTERY,-5.580022176339957,-0.29965033405744257,30
4302,MASTERY,3.3104336083657406,0.156688325897397,30
4303,MASTERY,-2.815367601047342,-0.03963951099658087,30
4304,MASTERY,-10.70540385488964,-0.0978837685257402,30
4305,MASTERY,6.721553784301955,0.16590069384023134,30
4306,MASTERY,18.56952540867289,0.4699820658065325,30
4307,MASTERY,-8.55332005739695,-0.26049069513299317,30
4308,MASTERY,3.357912417757308,-0.09080577630775719,30
4309,MASTERY,-3.1088006688365715,0.033495962401143525,30
4310,MASTERY,6.912446427048873,0.2583481883579611,30
4311,MASTERY,-0.7689771375998686,-0.4827442499735452,30
4312,MASTERY,-9.218407186649246,-0.7397270993456212,30
4313,MASTERY,-3.7656695360791264,-0.00985881608119265,30
4314,MASTERY,10.518176547768313,0.193558166244281,30
4315,MASTERY,-0.00086228528644261,-0.3607513810039726,30
4316,MASTERY,21.98414889052604,0.45239979116790147,30
4317,MASTERY,5.805429840020763,-0.013591885077728261,30
4318,MASTERY,7.215498599017941,0.2902376353105164,30
4319,MASTERY,-11.566261767257153,0.11322138858631087,30
4320,MASTERY,6.782070199562054,0.3675318765036618,30
4321,MASTERY,17.997500771600627,-0.4785756952617508,30
4322,MASTERY,3.8050771575100986,0.015480244604983925,30
4323,MASTERY,20.927595888054014,0.3812309624197055,30
4324,MASTERY,17.234298139368924,0.2769091021559348,30
4325,MASTERY,8.609471598213677,0.6438042818929074,30
4326,MASTERY,16.478472702677387,0.5800628180139643,30
4327,MASTERY,-2.678391194005725,0.21554644482258317,30
4328,MASTERY,8.169671358858789,0.6224454665540455,30
4329,MASTERY,-2.29615620166563,-0.06401635144546278,30
4330,MASTERY,-8.160875888533528,-0.25826151686926563,30
4331,MASTERY,-1.162411926642277,0.4222922670080074,30
4332,MASTERY,5.8399262067246145,-0.12142331844938377,30
4333,MASTERY,-2.4743387505333474,-0.366419262776627,30
4334,MASTERY,0.9384782317039506,-0.5740812141713163,30
4335,MASTERY,-2.683921571748438,0.11402081791320222,30
4336,MASTERY,-18.860601865559538,-0.8744481900823049,30
4337,MASTERY,3.8900378905220343,0.22363729420931674,30
4338,MASTERY,-12.871351497250357,-0.008088999839587708,30
4339,MASTERY,10.885260626903861,0.12799410955228857,30
4340,MASTERY,3.123252967139521,0.34018066727047724,30
4341,MASTERY,16.152729483403686,-0.06288246176523321,30
4342,MASTERY,3.912935704773267,-0.10427104927594047,30
4343,MASTERY,-18.25188604511386,-0.532938153752331,30
4344,MASTERY,-5.4986780693382435,-0.10088581356630533,30
4345,MASTERY,-12.407422366358423,-0.38099282867837597,30
4346,MASTERY,-17.045417822549137,-0.4919458807476264,30
4347,MASTERY,-4.685668659385699,-0.285969292161834,30
4348,MASTERY,-4.178454965158346,0.01369488366393415,30
4349,MASTERY,-0.9995943876278587,-0.03494189663780931,30
4350,MASTERY,1.8587051745587657,0.228727115016111,30
4351,MASTERY,10.162075781806916,-0.10666359152519106,30
4352,MASTERY,4.516066560107113,-0.10758733276038411,30
4353,MASTERY,-4.419706001868704,-0.5136999316571114,30
4354,MASTERY,-3.9689207542857017,-1.0831976732927695,30
4355,MASTERY,-29.084348745041464,-1.2397169761527693,30
4356,MASTERY,1.1456019867911191,0.12686698271866254,30
4357,MASTERY,-9.516586708861963,-0.27703849105825473,30
4358,MASTERY,7.674048792180257,0.18565556955049003,30
4359,MASTERY,-12.134211340984802,-0.18878995237861596,30
4360,MASTERY,0.20043534077697622,0.0607392504325827,30
4361,MASTERY,-0.047140144119693195,0.1901751025614716,30
4362,MASTERY,3.5235422950826147,0.4850133516048358,30
4363,MASTERY,0.004581770808428365,0.06600310377693207,30
4364,MASTERY,-17.088113160806213,-0.4797016139221893,30
4365,MASTERY,-0.467489232386957,0.14726034758810586,30
4366,MASTERY,17.540838638659174,-0.31189006303722594,30
4367,MASTERY,-15.425390517704091,-0.5850438980914182,30
4368,MASTERY,-7.478601151346553,-0.22599396230391613,30
4369,MASTERY,-1.788923824779301,-0.2902213778428086,30
4370,MASTERY,-13.242195022565369,-0.4854124705527901,30
4371,MASTERY,-0.2980278282941741,-0.09301366384971756,30
4372,MASTERY,-3.201185474602938,-0.2598481540836248,30
4373,MASTERY,-7.5134571747379235,-0.6131612637988721,30
4374,MASTERY,3.0111026883491903,-0.4235847304358526,30
4375,MASTERY,1.9829088970625848,0.20662248841236064,30
4376,MASTERY,1.8585915132517494,0.17128866622192512,30
4377,MASTERY,-4.798058068007341,-0.005460664514556898,30
4378,MASTERY,-17.00617123115447,-0.42359308638425214,30
4379,MASTERY,-14.292305847730795,-0.3855735221465659,30
4380,MASTERY,-0.48137281950246275,-0.018178893076942728,30
4381,MASTERY,14.960531022277392,0.58622253680732,30
4382,MASTERY,-1.0384129951115588,-0.4029888175475219,30
4383,MASTERY,-5.6881812224036,-0.2827627648282417,30
4384,MASTERY,1.9075322788273026,0.072813133858512,30
4385,MASTERY,4.751702302333612,0.31921959492336704,30
4386,MASTERY,11.472065681655975,0.6380569263130599,30
4387,MASTERY,4.393650211698994,-0.06449628322621109,30
4388,MASTERY,-10.733295983665602,-0.48762116760033397,30
4389,MASTERY,-1.6581295614400582,-0.7225845951374255,30
4390,MASTERY,3.27501382515397,0.25953749099903245,30
4391,MASTERY,-9.138771158389693,0.043916712530166005,30
4392,MASTERY,-8.2938723930805,-0.03317195493240265,30
4393,MASTERY,1.15349138472733,-0.11391619094044944,30
4394,MASTERY,0.39127425277985495,-0.2827353656571423,30
4395,MASTERY,-4.766019120792855,-0.19081954381664448,30
4396,MASTERY,-22.715983824086088,-0.7961140380791291,30
4397,MASTERY,7.262322612114802,0.49362990545212715,30
4398,MASTERY,5.899938000539922,-0.19368390172592292,30
4399,MASTERY,1.3074422588427168,0.35541677089584317,30
4400,MASTERY,-6.0399558830755105,-0.19070159779043916,30
4401,MASTERY,-8.49022568394652,-0.3170695027800527,30
4402,MASTERY,22.132663814649156,0.23994727299829693,30
4403,MASTERY,-26.132610247887538,-0.48927685680345506,30
4404,MASTERY,-23.231528198962064,-0.6232847922905668,30
4405,MASTERY,-9.559120982728686,0.121598628872701,30
4406,MASTERY,-0.8553026106608533,0.0502734468355922,30
4407,MASTERY,-10.92676210732853,-0.6986276317511669,30
4408,MASTERY,0.31293413177712864,0.09441686003654011,30
4409,MASTERY,-2.0205566338549397,-0.05798761564361939,30
4410,MASTERY,-3.375079217030868,-0.12124261620696207,30
4411,MASTERY,7.555484647774107,-0.9248430783653718,30
4412,MASTERY,-0.5235126279342557,-0.06490712989965444,30
4413,MASTERY,2.02199635779611,0.19487032597322054,30
4414,MASTERY,5.283705970403576,0.16966735458468388,30
4415,MASTERY,-18.067836197979585,-0.4753213035699873,30
4416,MASTERY,28.79767898651308,0.6781941164175185,30
4417,MASTERY,10.44049822539433,-0.026173451011615938,30
4418,MASTERY,-2.1419125482871246,-0.06608512409481902,30
4419,MASTERY,-0.7529359024601865,-0.24382579276160096,30
4420,MASTERY,7.75469516637801,0.6838259567660538,30
4421,MASTERY,2.4597695644775226,-0.21164219479334948,30
4422,MASTERY,-8.45735601992382,-0.13825096724633135,30
4423,MASTERY,14.85395603490549,-0.314738224369011,30
4424,MASTERY,-1.5868467163922708,0.03461542977871541,30
4425,MASTERY,3.832787462400082,0.19467036045543337,30
4426,MASTERY,4.873957331193196,0.007046260239841147,30
4427,MASTERY,0.7205466089254217,-0.06546627501134399,30
4428,MASTERY,1.5706351174477224,0.026951054916240853,30
4429,MASTERY,1.232415420868425,0.06722462210341525,30
4430,MASTERY,-8.125558065339186,-0.6892203276360341,30
4431,MASTERY,13.610929589590407,0.1038596130058582,30
4432,MASTERY,-6.741104126055667,-0.5634497425606184,30
4433,MASTERY,0.2053657001751573,0.0018311272276871793,30
4434,MASTERY,-6.061772796761158,-0.39675962188876174,30
4435,MASTERY,3.6666808244660904,0.3307184071446301,30
4436,MASTERY,16.122456879804727,0.3362425862423533,30
4437,MASTERY,-4.530974304078454,-0.2690567962218502,30
4438,MASTERY,4.836312552598661,0.16750101670427667,30
4439,MASTERY,13.255995782399628,0.21908686538083133,30
4440,MASTERY,3.0528894872521213,-0.7146881402854032,30
4441,MASTERY,19.803434838743584,0.32509717312396536,30
4442,MASTERY,2.3061450207790024,0.12184171939970147,30
4443,MASTERY,-11.500945502111607,0.24555851772989037,30
4444,MASTERY,-11.135125311545155,-0.9363483324606388,30
4445,MASTERY,3.7620451059157185,0.27844550163313037,30
4446,MASTERY,-1.753573846254381,0.006773124498092064,30
4447,MASTERY,-17.971667443714164,-0.6087933844855365,30
4448,MASTERY,1.7305185677083645,0.46515264578320853,30
4449,MASTERY,1.2796227558231807,0.14238047374981022,30
4450,MASTERY,-12.29725874996434,-0.15267841825613082,30
4451,MASTERY,1.6936985907851212,0.13803715074079254,30
4452,MASTERY,12.562139414555581,0.05781512954329114,30
4453,MASTERY,14.555249256856218,0.5161976515506587,30
4454,MASTERY,-2.8282875981780244,0.07613101890474787,30
4455,MASTERY,-3.3315698669888967,-0.48553559531256235,30
4456,MASTERY,9.348478349729636,0.03721915063041165,30
4457,MASTERY,6.084325570873951,0.21708292435844415,30
4458,MASTERY,-5.351862091769659,0.17531030707512116,30
4459,MASTERY,11.626457295596945,0.16454239921055205,30
4460,MASTERY,-18.425601494904846,-0.40742522074592397,30
4461,MASTERY,4.998547250320586,-0.37152963755285834,30
4462,MASTERY,1.0554633751487776,0.09335481510380772,30
4463,MASTERY,-8.892344806816693,-0.013875216890658315,30
4464,MASTERY,1.5571488757914569,-1.2052735987356096,30
4465,MASTERY,-5.444668403864372,-0.41005410728664393,30
4466,MASTERY,8.165139129563261,0.19592180378475016,30
4467,MASTERY,-10.296565459807265,-0.08170476151753168,30
4468,MASTERY,-10.709261227078649,-0.5047201601937681,30
4469,MASTERY,20.302645837787708,0.10396879176950934,30
4470,MASTERY,-17.013546228167364,-0.5359215440198624,30
4471,MASTERY,-0.35094186748783746,-0.43624870679731936,30
4472,MASTERY,5.185667851845425,0.1365564709441669,30
4473,MASTERY,-0.2910102765166517,-0.4193395022224486,30
4474,MASTERY,13.201748407975021,0.19943969158121638,30
4475,MASTERY,-6.45508083289807,-0.6613257729673495,30
4476,MASTERY,3.6962025099353415,-0.020259043674667153,30
4477,MASTERY,3.171177392194829,0.006300358422091031,30
4478,MASTERY,2.958831493985452,0.02152736233350797,30
4479,MASTERY,8.29199955341138,-0.34612911635160526,30
4480,MASTERY,-10.191562240578769,-0.4677268601559215,30
4481,MASTERY,3.134753818055281,-0.005385518128871514,30
4482,MASTERY,3.355724852326913,-0.08843257807230819,30
4483,MASTERY,-1.6956709480037653,-0.2610643334968801,30
4484,MASTERY,-3.5237649726286704,0.06816847455017426,30
4485,MASTERY,2.4506019953410187,0.08050439855632772,30
4486,MASTERY,6.853357328836749,-0.08206231108473278,30
4487,MASTERY,2.6589642449733475,-0.5664467467243036,30
4488,MASTERY,-10.423042122310344,-0.3285483537634066,30
4489,MASTERY,-0.2501972531404442,-0.1781324524283687,30
4490,MASTERY,-6.0096487778198915,-0.37325952750863783,30
4491,MASTERY,-0.24545267348874641,-0.17010799168591992,30
4492,MASTERY,0.6992603772730825,0.3081129351444334,30
4493,MASTERY,-9.526897491268452,-0.09787136350600557,30
4494,MASTERY,21.985302378983572,0.4470766234510127,30
4495,MASTERY,2.122694764753354,-0.24619479261816987,30
4496,MASTERY,3.1250281170661527,0.032989927248474264,30
4497,MASTERY,16.697280406641994,0.5165171196936403,30
4498,MASTERY,-0.29508779426751486,-0.923111367404471,30
4499,MASTERY,-4.675549878158678,-0.18666917802587865,30
4500,MASTERY,-15.173915661900184,0.1956566158117079,30
4501,MASTERY,-6.443389969489929,0.17206871408865337,30
4502,MASTERY,1.8488504558784993,-0.08188349152005055,30
4503,MASTERY,6.083431113406706,0.0989312127364632,30
4504,MASTERY,-17.672227262668,-0.2889516070217556,30
4505,MASTERY,24.59017528628547,0.47937351067340384,30
4506,MASTERY,5.780571147914253,-0.2126501293464913,30
4507,MASTERY,-0.9835160541646436,-0.23566186069565803,30
4508,MASTERY,-4.360190252806037,-0.22673729115256622,30
4509,MASTERY,0.41739868597458346,0.23550171483288407,30
4510,MASTERY,3.6598479981226113,0.0948333313269478,30
4511,MASTERY,-7.692242353232638,0.05229876109068939,30
4512,MASTERY,7.743358055949311,0.04959833768413278,30
4513,MASTERY,-5.191954859731906,-0.21450997829620774,30
4514,MASTERY,7.716418833531024,0.20748425178302893,30
4515,MASTERY,4.09769434600936,-0.17142351139651896,30
4516,MASTERY,-8.171310267462692,-0.6141823515440696,30
4517,MASTERY,1.012122904096039,0.05387382581846893,30
4518,MASTERY,1.7617836566762133,-0.21917715286316788,30
4519,MASTERY,-8.242955271215227,-0.9826523847334907,30
4520,MASTERY,-3.4011917749638347,-0.20763475906710144,30
4521,MASTERY,-4.571629883921977,0.037572739747152153,30
4522,MASTERY,1.4782685525719494,-0.3373513761078704,30
4523,MASTERY,-0.6026101853421346,-0.16356090221371666,30
4524,MASTERY,-1.4843630900619118,0.15035497572145443,30
4525,MASTERY,-11.17188396639079,-0.6177907086356511,30
4526,MASTERY,-21.110629829745506,-0.3527054263419547,30
4527,MASTERY,-1.8554507511226557,-0.35802402180074516,30
4528,MASTERY,-1.1621013141342702,-0.05400943303415255,30
4529,MASTERY,-10.542803539683366,-0.7616634815578305,30
4530,MASTERY,-5.995565879491279,-0.44300921694281997,30
4531,MASTERY,-23.04912651431776,-0.27296162132541446,30
4532,MASTERY,1.6821644715009436,-0.23366025040721933,30
4533,MASTERY,-0.7832004302843256,-0.1829149967344615,30
4534,MASTERY,-7.272441632288105,-0.5382742447645186,30
4535,MASTERY,-12.313597461244594,-0.271373334846616,30
4536,MASTERY,9.592413178291881,-0.24994711970224529,30
4537,MASTERY,-0.09404716195071895,0.18224840514262095,30
4538,MASTERY,5.69934683023917,0.009088592821534477,30
4539,MASTERY,-9.248154664900266,-0.2824575502923728,30
4540,MASTERY,3.353511795498541,0.2164209721601956,30
4541,MASTERY,-21.59518812049583,0.13204929504247348,30
4542,MASTERY,3.156417873822981,-0.2001789308969091,30
4543,MASTERY,1.7741805692594017,-0.2719134173783534,30
4544,MASTERY,-12.209126858125579,-0.1260881875367069,30
4545,MASTERY,2.156813612338487,0.021937049253682197,30
4546,MASTERY,-3.177243550076319,-0.2366314834355178,30
4547,MASTERY,-0.34560506664642504,0.028756954852294583,30
4548,MASTERY,-5.032677937849419,0.2376801024679114,30
4549,MASTERY,0.7603544898529889,-0.11894756093600639,30
4550,MASTERY,1.221353114983664,0.2835906278886817,30
4551,MASTERY,5.08712363309601,0.19897030239263275,30
4552,MASTERY,-1.722518281067186,-0.7271155431830041,30
4553,MASTERY,3.554000413569608,0.01846633035395208,30
4554,MASTERY,-3.1826245384605234,-0.34014941836342266,30
4555,MASTERY,-11.203156528680584,0.020675760054282045,30
4556,MASTERY,6.312066474120781,0.200392036398708,30
4557,MASTERY,-15.059262296597966,-0.19271845306525653,30
4558,MASTERY,-9.468072270509916,-1.708052398352578,30
4559,MASTERY,-17.37298166036413,0.007316796922718538,30
4560,MASTERY,-5.763531367338544,-0.07427086310086657,30
4561,MASTERY,-5.341121890035387,-0.295220570008086,30
4562,MASTERY,-2.3067734341595423,-0.4003583380264812,30
4563,MASTERY,1.543991838217734,0.3834675180766016,30
4564,MASTERY,18.124586974500378,0.1499314105237103,30
4565,MASTERY,-21.762615309244744,-0.7485695443299847,30
4566,MASTERY,-4.20703608490521,0.09119456659788222,30
4567,MASTERY,-5.683632902505734,0.014795711491585333,30
4568,MASTERY,-2.028985997314813,-0.0375917961135629,30
4569,MASTERY,-1.7958349407146608,-0.4078399735589831,30
4570,MASTERY,7.635024343921333,-0.645160851510385,30
4571,MASTERY,0.23205254474983392,0.14562160951251277,30
4572,MASTERY,-8.113709801144742,-0.7012065210885902,30
4573,MASTERY,13.031221754339189,0.8588043585041867,30
4574,MASTERY,-6.888405275421462,-0.16771130091987574,30
4575,MASTERY,-18.14712235569375,-0.40963415093567535,30
4576,MASTERY,-10.296627839509116,-1.0906054201822402,30
4577,MASTERY,1.3707053919074008,-0.5160175668086744,30
4578,MASTERY,9.037095246726206,1.0093734656871756,30
4579,MASTERY,-12.71173672496313,-0.13061085046987653,30
4580,MASTERY,-7.194086951171033,-0.6436382221626519,30
4581,MASTERY,14.465903264221906,-0.08825479157901969,30
4582,MASTERY,5.8434618157901195,0.21890770403926155,30
4583,MASTERY,-27.772657123105567,-3.911059766748366,30
4584,MASTERY,9.437187146623614,0.08093889869079142,30
4585,MASTERY,-26.90654408326084,-0.8194634758941836,30
4586,MASTERY,3.814958297586462,0.5391134389706824,30
4587,MASTERY,-0.2333200885367872,0.2260236782029293,30
4588,MASTERY,3.9808732619675946,0.19190828162577667,30
4589,MASTERY,8.478838158895496,0.1860744268205621,30
4590,MASTERY,-0.7549754807417816,-0.2108373750190849,30
4591,MASTERY,-0.3549179540914533,-0.714568188402278,30
4592,MASTERY,-2.6543243128397265,-0.2198104238910932,30
4593,MASTERY,15.229122952504422,0.9023895822627712,30
4594,MASTERY,-3.1853406847170196,-0.005290081574704193,30
4595,MASTERY,3.3353439998124763,-0.019527280483483088,30
4596,MASTERY,10.799090444920829,0.49267555980746014,30
4597,MASTERY,-6.737916580588137,0.10631216587369001,30
4598,MASTERY,4.458224928196746,0.5079885322467388,30
4599,MASTERY,4.353923578580412,0.4192310367327077,30
4600,MASTERY,6.974201744039214,0.41536749386734473,30
4601,MASTERY,3.5966419929969535,0.16373946677135923,30
4602,MASTERY,-0.44855543305432843,-0.0642087098102647,30
4603,MASTERY,4.141596233996598,-0.19136725889317124,30
4604,MASTERY,6.22099522367048,0.25781002711100004,30
4605,MASTERY,8.629338830143862,-0.2147103554381025,30
4606,MASTERY,-19.17042002345642,-0.5176891434734532,30
4607,MASTERY,-5.521186085741623,-0.6416874866140593,30
4608,MASTERY,6.131468266585067,0.20741215540782007,30
4609,MASTERY,-1.1165005310278324,0.2906990110870062,30
4610,MASTERY,-0.9869804888607943,-0.2191359541993401,30
4611,MASTERY,3.6698965725637884,0.0059895527400944506,30
4612,MASTERY,-14.98492422263985,-0.5820645451851161,30
4613,MASTERY,5.5137658290352,0.11145489222296329,30
4614,MASTERY,-1.1294655325919754,0.22841542547900423,30
4615,MASTERY,20.729912856476552,-0.42200379352617257,30
4616,MASTERY,-4.45860011031825,0.2391972767236529,30
4617,MASTERY,6.122048198359612,-1.0231818015417253,30
4618,MASTERY,2.043336200331087,-0.6167830204040818,30
4619,MASTERY,-14.101577935236586,-1.3444127604770757,30
4620,MASTERY,9.342898346806296,0.16690458437705635,30
4621,MASTERY,0.7940495025742993,-0.2435805220516244,30
4622,MASTERY,15.032488555049145,-0.18770646507233296,30
4623,MASTERY,2.706586436678591,0.14500159417714567,30
4624,MASTERY,5.9239756123160285,0.3278389910911354,30
4625,MASTERY,8.113869272018585,0.34180958013518686,30
4626,MASTERY,7.130345969129374,0.5174014666356141,30
4627,MASTERY,-9.623068973698757,-0.41625091560129557,30
4628,MASTERY,6.424727586351776,-0.042438427591422766,30
4629,MASTERY,-12.413423747881438,-0.01575300163561059,30
4630,MASTERY,-7.132937451784799,-0.1743837904749392,30
4631,MASTERY,1.6638029800181378,-0.3904651822111857,30
4632,MASTERY,10.748810289035378,0.7128148213468911,30
4633,MASTERY,1.1568638253255574,0.2677772722229575,30
4634,MASTERY,-3.6285070833225075,-0.246073401871809,30
4635,MASTERY,2.7073213912075667,-0.08243884407034097,30
4636,MASTERY,-4.32137329287585,-0.08022014309714369,30
4637,MASTERY,-0.07889799003318666,-0.6459578089304046,30
4638,MASTERY,1.018239904164201,0.3091887622495886,30
4639,MASTERY,5.780788639152557,0.3029274452519033,30
4640,MASTERY,-0.8608021441844497,-0.09869746309666032,30
4641,MASTERY,-1.2448307918025638,0.39455822976334065,30
4642,MASTERY,-8.272842273898481,-0.05591178517538167,30
4643,MASTERY,24.489324057480857,0.0190932946485025,30
4644,MASTERY,-1.4927565982453448,0.08885384925739694,30
4645,MASTERY,3.536470812330275,0.37898110338991065,30
4646,MASTERY,-3.0935047395493944,-0.10099801099374126,30
4647,MASTERY,7.909598695953177,0.3199483725156643,30
4648,MASTERY,-18.72284931585292,-0.43822500511612744,30
4649,MASTERY,-5.332515677571082,-0.5563947992930011,30
4650,MASTERY,-1.0137699894570622,0.18006509380219332,30
4651,MASTERY,-13.677922766305947,-0.6077576772010549,30
4652,MASTERY,-8.392508724501777,-0.7017916573685586,30
4653,MASTERY,13.346748290016741,-0.5865932055773795,30
4654,MASTERY,-0.8508550624977282,0.3075090460538966,30
4655,MASTERY,2.8986271780736472,0.20330971546708057,30
4656,MASTERY,22.681241564689923,0.7372919089694587,30
4657,MASTERY,-1.3995456426608788,-0.09388447865053236,30
4658,MASTERY,-0.4878518843053685,-0.2604882836816594,30
4659,MASTERY,-3.9745229527130674,-0.13886030923458056,30
4660,MASTERY,4.500456294596409,-0.10568020263270442,30
4661,MASTERY,-2.71802773409741,-0.8732960539565469,30
4662,MASTERY,-0.8182210416861114,0.1614159805938147,30
4663,MASTERY,-8.000540260194644,-0.005527567868848345,30
4664,MASTERY,-3.324189555096508,-0.21793447769400015,30
4665,MASTERY,-2.78220906065336,-0.7296749405712227,30
4666,MASTERY,15.102399161348547,-0.035868401623802566,30
4667,MASTERY,-6.402689876642962,-0.923756750246108,30
4668,MASTERY,-4.047335332795264,-0.1773398824237931,30
4669,MASTERY,-5.320142712797929,-0.4887672060966686,30
4670,MASTERY,7.36603202738564,0.544427244602677,30
4671,MASTERY,33.30619369155191,0.5531387593685068,30
4672,MASTERY,3.0408872279545562,-0.3861663370313073,30
4673,MASTERY,-8.363931753417098,-0.2881547808423401,30
4674,MASTERY,-2.3866408029648283,0.29227171340450925,30
4675,MASTERY,-1.659054727747752,-0.269257738280578,30
4676,MASTERY,7.882802113453969,0.535344558306685,30
4677,MASTERY,0.05237377537304226,-0.7853303935934638,30
4678,MASTERY,4.451288430188851,0.5225350991145273,30
4679,MASTERY,5.5959611329896966,0.07537769316145888,30
4680,MASTERY,-1.883760261670502,-1.0293265631814927,30
4681,MASTERY,-16.050755957671356,0.15487046724827766,30
4682,MASTERY,12.598925905219733,0.5470787651511704,30
4683,MASTERY,-6.544544370443923,-0.30515484105575863,30
4684,MASTERY,4.460425523102975,0.38590195121764687,30
4685,MASTERY,-14.703467121077278,-0.30609849864134386,30
4686,MASTERY,-5.779939413003912,-0.300625706846086,30
4687,MASTERY,2.335093285313933,0.12597534357560902,30
4688,MASTERY,-8.326558501264147,-0.27629636311583355,30
4689,MASTERY,-15.605386536947567,-0.4867038600966236,30
4690,MASTERY,2.9458768696674755,0.09778540100524118,30
4691,MASTERY,-18.750839746935565,-0.14171781724078064,30
4692,MASTERY,-3.0152327571837647,-0.18689246274757665,30
4693,MASTERY,6.406923481047147,-0.10290694338662584,30
4694,MASTERY,-32.82072455614292,-1.1759235389588125,30
4695,MASTERY,-18.412476025308738,-0.24294971555224562,30
4696,MASTERY,8.638933031920692,-0.5389388833780876,30
4697,MASTERY,6.410223526110719,-0.17819972339878806,30
4698,MASTERY,-0.7635208590930505,-0.3150489965634287,30
4699,MASTERY,1.1262122540149104,-0.9081731782578945,30
4700,MASTERY,8.254937550931484,0.24734727611503385,30
4701,MASTERY,2.2001272082696635,-0.019075072206900058,30
4702,MASTERY,8.167813300553004,-0.46001977553557655,30
4703,MASTERY,-7.316318910332725,-0.17130741739365665,30
4704,MASTERY,-3.368364549799939,-0.14279351070469198,30
4705,MASTERY,0.7725860217982305,0.14827589784462172,30
4706,MASTERY,5.044527808246032,-0.2109228927001449,30
4707,MASTERY,11.153277970607771,0.19979697521449957,30
4708,MASTERY,-1.526419545059037,0.06754944778570926,30
4709,MASTERY,14.859685135400042,0.44566795365461165,30
4710,MASTERY,-6.604524773021486,-0.20391521089176537,30
4711,MASTERY,3.8166825024289386,0.2334947908063113,30
4712,MASTERY,-7.767617100894741,-0.30455646747346843,30
4713,MASTERY,-5.31144692019124,-0.08770587194306402,30
4714,MASTERY,1.6509570147289472,0.01852140904935857,30
4715,MASTERY,4.341823758520921,0.21666408730036654,30
4716,MASTERY,13.678310197726818,-0.7375609626437921,30
4717,MASTERY,13.299676040649288,0.08211590403702325,30
4718,MASTERY,0.5388730409495714,-0.7587653031183728,30
4719,MASTERY,5.194693617945624,0.31518863726203095,30
4720,MASTERY,-17.662133711676287,-1.1862882811478197,30
4721,MASTERY,-30.857196303490277,-0.9316348033572923,30
4722,MASTERY,2.8947256819934517,-0.5685233048788201,30
4723,MASTERY,3.7963674281947486,0.02854240276388932,30
4724,MASTERY,-11.61940735065274,0.14150313924297078,30
4725,MASTERY,27.07841847775585,0.5016020381463102,30
4726,MASTERY,2.9048617765162206,0.05225724375658111,30
4727,MASTERY,1.3997210950983412,0.2804118458674356,30
4728,MASTERY,-16.751366725980983,0.2989151571602489,30
4729,MASTERY,1.2968573244825883,0.16293059989563244,30
4730,MASTERY,3.424053189780133,0.12424307752671589,30
4731,MASTERY,-0.767903215851877,-1.1272686844062751,30
4732,MASTERY,1.0046827863535306,-0.45668157217062866,30
4733,MASTERY,-12.993583390772509,-0.23416221763499764,30
4734,MASTERY,-20.89854681003572,-0.13416124118037007,30
4735,MASTERY,-3.3980512302414425,-0.011006894956909557,30
4736,MASTERY,8.37044632287991,0.5821603483986775,30
4737,MASTERY,-3.0879663942103655,-0.3750088741451246,30
4738,MASTERY,1.5908139255161486,0.20420738637705071,30
4739,MASTERY,-2.4948603136311167,-0.13179339344033114,30
4740,MASTERY,0.3653349372116797,0.5222433676820655,30
4741,MASTERY,3.5944259298461327,-0.005813045179511711,30
4742,MASTERY,-0.2872955619838933,-0.19097817556487895,30
4743,MASTERY,0.3323287486944795,-0.02735437973605835,30
4744,MASTERY,-6.024576159315824,-0.09771393490577704,30
4745,MASTERY,-18.22854127207847,-0.5418100955954342,30
4746,MASTERY,-3.1512609599288495,0.2518106009642171,30
4747,MASTERY,15.955899589447561,-1.01425388057318,30
4748,MASTERY,-28.29487168487349,-0.9995421952160334,30
4749,MASTERY,3.49584170109471,0.1556723043198774,30
4750,MASTERY,-9.481680530022523,-0.6051523281228458,30
4751,MASTERY,2.902665424136173,-0.027644800132803068,30
4752,MASTERY,-3.029410859772196,-1.5256061612014848,30
4753,MASTERY,2.891969539868128,-0.12746735384270694,30
4754,MASTERY,2.3035302926284342,0.20011989443356193,30
4755,MASTERY,-0.16547474609760862,-0.10231187829639878,30
4756,MASTERY,5.037951553990274,0.2835755706556601,30
4757,MASTERY,12.402757165800327,-0.17774851676977335,30
4758,MASTERY,-11.365036953540999,-0.6077109272225625,30
4759,MASTERY,-5.817778028661801,-0.23614597454208164,30
4760,MASTERY,-6.632111054094927,-0.28268618196978273,30
4761,MASTERY,8.066319958422799,0.6792606616760222,30
4762,MASTERY,-4.333304410909211,-0.03811110286084333,30
4763,MASTERY,-1.1456992947017728,0.013241292499615358,30
4764,MASTERY,0.3891747861117145,0.03640996669191456,30
4765,MASTERY,-10.017973467142257,-0.3826810780283575,30
4766,MASTERY,2.256286776534404,0.2628283811388869,30
4767,MASTERY,-8.258435664860404,-0.3784040187662942,30
4768,MASTERY,-3.4757552252891877,-0.6112956423235547,30
4769,MASTERY,-7.851283109176862,-0.3416727830236824,30
4770,MASTERY,-20.1022204086518,-0.42544267303167194,30
4771,MASTERY,23.80818134772132,0.2970965048012896,30
4772,MASTERY,0.950583377732647,0.07172729209799478,30
4773,MASTERY,-4.579755515496698,-0.45785549665928776,30
4774,MASTERY,-0.3137503672119147,-0.7481396736163892,30
4775,MASTERY,6.624850613096287,0.21693083956767387,30
4776,MASTERY,0.5151361222452403,0.4562555022743803,30
4777,MASTERY,4.4114787975751835,-0.02868121737966399,30
4778,MASTERY,-9.990139507145281,-0.7383507937246795,30
4779,MASTERY,4.237114690224426,0.47193356235095385,30
4780,MASTERY,-15.338685881237705,-0.4735031251758855,30
4781,MASTERY,0.5325734453724842,0.3079429556640679,30
4782,MASTERY,-3.4127707424984117,-0.527973949301739,30
4783,MASTERY,-16.018372024898856,-0.03563314678242466,30
4784,MASTERY,-0.8006439720365167,0.1453497345255754,30
4785,MASTERY,7.005581433170661,0.1954615895533617,30
4786,MASTERY,1.3993156447852066,-0.1866709365656602,30
4787,MASTERY,0.1103404890346617,0.06025056815056426,30
4788,MASTERY,4.449393716914464,0.45598322668454283,30
4789,MASTERY,3.018762746014709,-0.8611819062507468,30
4790,MASTERY,3.3085909606733126,0.35862423683844935,30
4791,MASTERY,9.788263419999849,0.1625747120961431,30
4792,MASTERY,-4.831372889124125,-0.3899672107262403,30
4793,MASTERY,-11.468222028159701,-1.1638416953360926,30
4794,MASTERY,0.18974623548209998,-0.18827738675038963,30
4795,MASTERY,-7.90117124347478,0.32051121035467295,30
4796,MASTERY,-7.6550107646208065,-0.7925772439034762,30
4797,MASTERY,-12.398850618596716,0.15473952600184807,30
4798,MASTERY,2.8735531571694706,-0.1523775688626411,30
4799,MASTERY,-2.050054283770351,0.02719390071386065,30
4800,MASTERY,4.525250390593767,-0.3814366861783744,30
4801,MASTERY,19.375635507523377,0.5178687863102092,30
4802,MASTERY,-4.790592710006458,-0.3513019782895111,30
4803,MASTERY,-11.031394903019049,-0.3387744791061903,30
4804,MASTERY,5.986919113459782,0.13604037780394265,30
4805,MASTERY,-10.94414570392128,-1.0307791876195274,30
4806,MASTERY,10.723838818239674,-0.5215194807946774,30
4807,MASTERY,-11.23649416619635,-0.817129009922074,30
4808,MASTERY,-1.209812037158723,-0.13473995040143344,30
4809,MASTERY,-0.08358372781060042,0.21436128794476175,30
4810,MASTERY,6.367223104426616,0.23340533285807552,30
4811,MASTERY,-6.192750874219534,-0.6107910456042197,30
4812,MASTERY,-4.680866019933653,-0.8538920911343848,30
4813,MASTERY,6.725947692284511,0.10124614659570247,30
4814,MASTERY,5.099610091365444,-0.13542661776054615,30
4815,MASTERY,5.427825831710829,0.27850093509979257,30
4816,MASTERY,-4.101464735181069,-0.7250441839582068,30
4817,MASTERY,-1.8110313129453024,-0.2010592473737302,30
4818,MASTERY,-20.437120547501866,-1.7588576937620106,30
4819,MASTERY,2.903899942377578,0.18590047846575003,30
4820,MASTERY,6.274448483186003,-0.05044029267069708,30
4821,MASTERY,16.472506689483193,0.6416789105015643,30
4822,MASTERY,-6.819689888839452,-0.8673370750737024,30
4823,MASTERY,-8.574127151686033,-0.10083567637485474,30
4824,MASTERY,6.850366099638274,0.16534957540870954,30
4825,MASTERY,-5.032305635826217,-1.0085437059026767,30
4826,MASTERY,-10.267063572597548,-0.49769963877501605,30
4827,MASTERY,-0.16655944112220422,-0.28099705738341935,30
4828,MASTERY,-11.908760973925148,-0.41865862948635224,30
4829,MASTERY,0.8952338491875974,0.1305927419932689,30
4830,MASTERY,10.28919939642003,0.6373010134980713,30
4831,MASTERY,-24.904957963548934,-0.7209803815632242,30
4832,MASTERY,-11.686171068500347,-0.45965625137937477,30
4833,MASTERY,-6.317901098084685,-0.17036552683844505,30
4834,MASTERY,-7.3220769719906595,0.09659101593173561,30
4835,MASTERY,-3.1189955019951876,-0.35322938643440593,30
4836,MASTERY,-1.8623191529945007,-0.13576123139301496,30
4837,MASTERY,-3.971582184074697,-0.31481637021687975,30
4838,MASTERY,1.4985270806928268,-0.7438532399864831,30
4839,MASTERY,1.6734974246888912,-0.15555108339379473,30
4840,MASTERY,-3.4820774376642603,-0.3211361079966959,30
4841,MASTERY,7.54903324653622,0.5770805232273124,30
4842,MASTERY,10.703926280325833,0.13309107701582634,30
4843,MASTERY,5.605318980603137,0.4002548740947507,30
4844,MASTERY,3.745954454037539,0.26635559692561017,30
4845,MASTERY,-6.918397349544375,-0.22470155404316472,30
4846,MASTERY,-7.995480064363619,-0.5660763303730828,30
4847,MASTERY,-0.8245583844000328,0.38309596207498536,30
4848,MASTERY,3.6001369273717483,-0.33025216758418446,30
4849,MASTERY,0.5418376729959171,0.10183088618355227,30
4850,MASTERY,6.890027612624606,0.3997999402613871,30
4851,MASTERY,7.574112744093188,0.5344575827378952,30
4852,MASTERY,18.233723874198688,0.5596987344125776,30
4853,MASTERY,4.335049721993599,-0.0745038293347446,30
4854,MASTERY,-5.705315017185471,-0.1079348760956728,30
4855,MASTERY,-5.513747937679784,-0.5685760751829475,30
4856,MASTERY,-0.4137327562525147,-0.01344065072736201,30
4857,MASTERY,0.012648371229853968,-0.24798791021068253,30
4858,MASTERY,2.39354978359215,0.30562164576135653,30
4859,MASTERY,13.320996500868556,0.010269570144344441,30
4860,MASTERY,2.2819858556144705,-0.21223938287813843,30
4861,MASTERY,-22.463713176907493,-0.4383164623902372,30
4862,MASTERY,1.3114448325635415,0.23719577480653775,30
4863,MASTERY,-2.544513680255418,-0.4562315342553518,30
4864,MASTERY,6.296679946932019,0.10032692192566557,30
4865,MASTERY,-9.931846749412609,-0.40493791238118687,30
4866,MASTERY,0.8585934405931371,0.23508934352948482,30
4867,MASTERY,-17.1092808572637,-0.13215110356539467,30
4868,MASTERY,-6.642527062497018,-0.7042584566263511,30
4869,MASTERY,-3.1267568159111216,0.07205916440158656,30
4870,MASTERY,-6.97308092839305,-0.44237245880108134,30
4871,MASTERY,27.54207578457134,0.8566176952136695,30
4872,MASTERY,-7.813222152276841,-0.36738040518792386,30
4873,MASTERY,3.5546161755661942,0.22682905973578796,30
4874,MASTERY,-0.14364592863019005,-0.13481098191518018,30
4875,MASTERY,7.394053590983747,0.3652429332113883,30
4876,MASTERY,-10.336301873147214,-0.21721977831418707,30
4877,MASTERY,7.277934858197008,0.2964578510014179,30
4878,MASTERY,-4.528627328334003,-0.14657814352459753,30
4879,MASTERY,-3.814181025530925,-0.5787370943915277,30
4880,MASTERY,1.3880306392892452,-0.04518474807675546,30
4881,MASTERY,-6.1046790714380466,0.034495861072489684,30
4882,MASTERY,-20.083745489261112,-0.3380694884824862,30
4883,MASTERY,-10.020592521725158,-0.25239240809152697,30
4884,MASTERY,10.89828717396042,-0.6892354069066198,30
4885,MASTERY,-3.830001391287816,-0.6044627865389737,30
4886,MASTERY,-4.009187709072565,0.0913122057068027,30
4887,MASTERY,9.288873606706893,0.2756488323544878,30
4888,MASTERY,-5.836176016930114,-1.2820469060608153,30
4889,MASTERY,-3.6737300651070464,-0.09079314597578353,30
4890,MASTERY,3.6524132443147783,0.17659639628710447,30
4891,MASTERY,13.791071289536879,0.5832007490376101,30
4892,MASTERY,-1.9589989633384122,-0.002873991879887816,30
4893,MASTERY,12.081884049882387,0.6506819879356691,30
4894,MASTERY,-12.128343500109072,-1.388816973239652,30
4895,MASTERY,1.5532855494311464,0.14490506939841177,30
4896,MASTERY,-3.6150974593498293,-1.389321605354044,30
4897,MASTERY,12.319695174596674,-0.16844984772109348,30
4898,MASTERY,-4.537642129483867,-0.02840576454154832,30
4899,MASTERY,-18.246912809293473,-1.27549083957136,30
4900,MASTERY,-3.576313013321233,0.09994528825080015,30
4901,MASTERY,0.6509599704187645,-0.45516765155466304,30
4902,MASTERY,11.520004821076181,0.5069911986581299,30
4903,MASTERY,5.028551725970851,0.28853241991306944,30
4904,MASTERY,-1.3014026289509772,-0.06990015849470367,30
4905,MASTERY,21.625922421013847,0.6462157319043086,30
4906,MASTERY,-4.736059638417786,-0.10578716140422882,30
4907,MASTERY,-0.033302001139877274,-0.21249023890919058,30
4908,MASTERY,-1.6703526379955167,0.05351929169591745,30
4909,MASTERY,6.125564029456752,0.08523164156323075,30
4910,MASTERY,0.06742206431179601,-0.3635273397746851,30
4911,MASTERY,0.23170495294670881,-0.07028050021936755,30
4912,MASTERY,-4.474317201490506,-0.2980386094163292,30
4913,MASTERY,15.613809443377159,-0.10516155811804814,30
4914,MASTERY,-0.8813897796322623,-0.020692814942831116,30
4915,MASTERY,-11.856509262141387,-0.30772414993958247,30
4916,MASTERY,8.980712557309415,0.39272974710406605,30
4917,MASTERY,-4.8459136079880425,-0.062044999481433355,30
4918,MASTERY,-14.70838783213691,0.14997051187783145,30
4919,MASTERY,11.083998693028668,0.5072150037869823,30
4920,MASTERY,-10.93879756226456,-0.4851085251337209,30
4921,MASTERY,-2.2475823796177044,0.011774042070755771,30
4922,MASTERY,-1.0300225739805935,-0.2616147438787329,30
4923,MASTERY,13.274337702465571,0.22875443896482256,30
4924,MASTERY,-5.6967897983052085,0.19025079114236665,30
4925,MASTERY,27.944774558296967,0.38122537324637257,30
4926,MASTERY,-23.13035343787814,-0.7583293274485758,30
4927,MASTERY,-0.2252323482590237,0.05160719322827241,30
4928,MASTERY,5.13702819849848,0.3651867874094466,30
4929,MASTERY,-2.2610788664275963,-0.1614069268550441,30
4930,MASTERY,8.326259738387762,0.3678483973364161,30
4931,MASTERY,-15.416098406083545,-1.1157999375100478,30
4932,MASTERY,1.1261045210185883,-0.22700927993152434,30
4933,MASTERY,-10.199066035013715,-0.5187834856592706,30
4934,MASTERY,-7.957785751415386,-1.0535556117132938,30
4935,MASTERY,-2.3887692271079985,-0.0877048681271872,30
4936,MASTERY,-6.598139187398086,-0.917502716450844,30
4937,MASTERY,-2.54133632368304,-0.0657650932098093,30
4938,MASTERY,-22.064675301039113,-0.5209460147029064,30
4939,MASTERY,0.319175048921953,0.0035159228483299704,30
4940,MASTERY,-9.624223056504167,-1.203337930110311,30
4941,MASTERY,8.237217784598833,0.32824753664293266,30
4942,MASTERY,-9.2969871170714,-0.1656139709114246,30
4943,MASTERY,-3.8480330721592573,-0.11877608329440804,30
4944,MASTERY,-5.657437329369399,-0.09434715367607163,30
4945,MASTERY,8.365564729195023,0.16199102563133458,30
4946,MASTERY,-10.922223371501934,-0.9499334876147695,30
4947,MASTERY,-7.195356133654462,-0.3641746180421964,30
4948,MASTERY,0.8701689839770086,0.13458731064525428,30
4949,MASTERY,-5.870312418007719,-0.37960419799389966,30
4950,MASTERY,4.555013738826484,0.6469654322064985,30
4951,MASTERY,11.36548516569875,0.40045134680124855,30
4952,MASTERY,-7.231586361830185,-0.23583061732635324,30
4953,MASTERY,-1.9044159481043552,-0.06155861585230752,30
4954,MASTERY,-5.329661652948283,-0.1871907999140338,30
4955,MASTERY,2.3770667978449307,0.3851324417731035,30
4956,MASTERY,1.234530672296307,-0.5757523876316767,30
4957,MASTERY,-2.528152002423139,-0.32068580707097255,30
4958,MASTERY,4.512232945741515,0.11975366745875927,30
4959,MASTERY,0.17457959953908014,-0.40908354398051844,30
4960,MASTERY,6.731687275229222,-0.050739119673351214,30
4961,MASTERY,16.528817449906345,0.12262878523794439,30
4962,MASTERY,17.976264134386344,0.7895008340562569,30
4963,MASTERY,-2.113889342173899,-0.7930197721271125,30
4964,MASTERY,-6.135997535478376,-0.46314558077436696,30
4965,MASTERY,1.043389131930038,-0.32120574386227935,30
4966,MASTERY,-1.443759464729166,-0.07022054350673838,30
4967,MASTERY,5.062745383627257,0.3123467799525328,30
4968,MASTERY,4.966302623330165,0.4765230226371932,30
4969,MASTERY,0.32758430582752046,-0.029678402722210038,30
4970,MASTERY,-1.7670293513112203,-1.2025439959118418,30
4971,MASTERY,-4.043284157251764,-0.3242490923785603,30
4972,MASTERY,2.883470305995816,0.09467562665299205,30
4973,MASTERY,-0.3199910909144978,0.07581932523690543,30
4974,MASTERY,2.0804863846738817,-0.0880854410391061,30
4975,MASTERY,6.513999937498247,0.23992674077556503,30
4976,MASTERY,3.0131815324172466,0.09974004452102332,30
4977,MASTERY,1.0421660217152426,-0.008577739492798298,30
4978,MASTERY,-10.989968299973551,-0.34544173932063454,30
4979,MASTERY,-5.918633474595035,-0.14280182010567918,30
4980,MASTERY,-5.507077907739642,-0.179973125018056,30
4981,MASTERY,0.3815890757195941,-0.5701933983260576,30
4982,MASTERY,-7.928123381022088,-0.36025317350461755,30
4983,MASTERY,-4.8676780915460105,-0.07139803010837088,30
4984,MASTERY,-2.8228053232699866,-0.4601160086577726,30
4985,MASTERY,13.336922852846874,0.22132033085133,30
4986,MASTERY,-4.889933377962465,-0.06487571856307846,30
4987,MASTERY,6.555620585296721,0.4034707474179399,30
4988,MASTERY,-16.542552977069985,-0.1708970460690671,30
4989,MASTERY,2.943312585065616,-0.16547314946164995,30
4990,MASTERY,19.43193280474002,0.7414038738911515,30
4991,MASTERY,3.4786783033748794,0.39417039730638054,30
4992,MASTERY,-0.03927342413410684,-0.11659803219600343,30
4993,MASTERY,0.09947493115502998,-1.2591393683813683,30
4994,MASTERY,3.914538255482236,-0.14835628851576851,30
4995,MASTERY,2.064942008493123,0.38016782328922555,30
4996,MASTERY,-17.00652934933606,-0.1601559838049609,30
4997,MASTERY,-1.3448133274514427,-0.5864099682222839,30
4998,MASTERY,6.866638841132962,0.2293827283537465,30
4999,MASTERY,-5.694809019479071,-0.16463055569093027,30
